{"sum_squared_off_diag":944.8087768554688,"lda_accuracy":68.25396825396825,"loss_train":4.658307393391927,"entropy":2.184732437133789,"_runtime":5936.611182536,"min_eigval_norm":-0.1279904693365097,"std_of_class_mean_norms":0.12670302391052246,"diag_var":0.01800963282585144,"diag_var_b":0.01800963282585144,"epoch":299,"max_diff":0.00011330842971801758,"grad_norm":13.099071502685547,"mean_of_class_means_norms":0.5473423004150391,"loss":6.020378589630127,"entropy_w":4.966218948364258,"complex_count":0,"trace_w":0.6919377446174622,"_wandb":{"runtime":5937},"trace_b":0.11584556102752686,"sum_squared_off_diag_w":0.007794615346938372,"quantile_25":-4.4305837946012616e-05,"epoch_train":299,"trace_sigma":49.706756591796875,"quantile_75":4.3234882468823344e-05,"diag_var_w":0.01800963282585144,"entropy_b":2.1131179332733154,"quantile_50":1.4723022445650713e-07,"condition_sigma":4.3091585e+06,"_timestamp":1.7478076129674098e+09,"_step":659,"entropy_t":4.819205284118652,"distance_of_mean_class_means_origin":0.4451424777507782,"rank_sigma":378,"sum_squared_off_diag_b":0.0017342627979815006,"max_eigval_norm":0.2936161458492279}