{"diag_var":4345.98974609375,"_step":561,"sum_squared_off_diag":141410.65625,"quantile_25":2.9529324820032343e-05,"_timestamp":1.7454316793497374e+09,"quantile_75":0.0007645860896445811,"quantile_50":0.00020206483895890415,"epochtrain":30,"loss":-0.11786921322345734,"entropy":0.025049149990081787,"_runtime":387.371360242,"total_grad_norm_encoder":56.42167663574219,"_wandb":{"runtime":388},"totaltrain":-0.006123212224338204,"total_acc_trainval":18.54,"trace":218.19964599609375,"total_acc_traintrain":17.974999999999998,"epochval":30,"max normalized eigenvalue":0.9972488880157471,"totalval":-0.015438960399478674,"condition simga":8.521706e+06,"rank simga":8,"min normalized eigenvalue":-0.00032514421036466956}