{"_step":35,"entropy":3.085156202316284,"loss_train":0,"quantile_50":-0.0016524482052773237,"sum_squared_off_diag":3.228748321533203,"loss":0.8488219976425171,"_wandb":{"runtime":445},"_runtime":437.331425155,"_timestamp":1.7463107845170078e+09,"acc_train":0,"acc_val":0,"quantile_75":0.0017420272342860699,"epoch_val":9,"max_eigval_norm":0.5949231386184692,"rank_sigma":509,"loss_val":0,"trace_sigma":2.064260482788086,"lda_accuracy":23.599999999999998,"quantile_25":-0.005292077548801899,"epoch":3,"min_eigval_norm":-0.049171317368745804,"epoch_train":10,"diag_var":2.9699147489736788e-05,"condition_sigma":390621.40625,"grad_norm":19.9217472076416}