{"_wandb":{"runtime":1521},"trace_sigma":5.435367584228516,"entropy_t":3.1761913299560547,"quantile_50":0.003151662414893508,"mean_of_class_means_norms":0.035602815449237823,"diag_var_b":0.0002403243415756151,"complex_count":0,"lda_accuracy_unprojected":1.138,"quantile_25":-6.918067811056972e-05,"entropy":3.761049747467041,"cond":8993.2080078125,"epoch_train":0,"sum_squared_off_diag_b":0.0006523985648527741,"distance_of_mean_class_means_origin":0.05882394686341286,"trace_b":0.0788496732711792,"entropy_w":3.1870410442352295,"diag_var":0.0002403243415756151,"entropy_b":2.6896166801452637,"epoch":0,"_step":9,"loss":143.2587127685547,"cond_b":1.9144865e+06,"quantile_75":0.010481776669621468,"rank_sigma":128,"max_diff":0.0006510615348815918,"std_of_class_mean_norms":0.09632226079702377,"sum_squared_off_diag_w":0.07602197676897049,"diag_var_w":0.0002403243415756151,"lda_accuracy_projected":0.762,"_runtime":1520.115516523,"sum_squared_off_diag":2.0014915466308594,"condition_sigma":8993.2080078125,"_timestamp":1.7483787610022023e+09,"cond_w":1053.79638671875,"min_eigval_norm":-0.06487737596035004,"trace_w":0.9472894668579102,"grad_norm":316.5787353515625,"loss_train":183.41309950086804,"max_eigval_norm":0.14139242470264435}