{"distance_of_mean_class_means_origin":0.3687542974948883,"entropy":2.1919543743133545,"quantile_50":5.0938268714162405e-08,"epoch":299,"entropy_t":4.802799224853516,"complex_count":0,"diag_var_b":0.01688252203166485,"_timestamp":1.7478032886248016e+09,"grad_norm":31.11769676208496,"quantile_75":4.983389226254076e-05,"sum_squared_off_diag":838.616943359375,"std_of_class_mean_norms":0.11634863168001175,"trace_w":0.7357105612754822,"entropy_b":2.0993664264678955,"_runtime":6488.854691434,"sum_squared_off_diag_w":0.007213969249278307,"condition_sigma":2.1559936e+07,"_wandb":{"runtime":6489},"mean_of_class_means_norms":0.508682906627655,"sum_squared_off_diag_b":0.0023170686326920986,"min_eigval_norm":-0.14762070775032043,"max_diff":0.0003000497817993164,"epoch_train":299,"loss":-5.049324035644531,"rank_sigma":383,"trace_b":0.13493508100509644,"quantile_25":-5.003340629627928e-05,"lda_accuracy":72.02380952380952,"_step":659,"diag_var":0.01688252203166485,"trace_sigma":42.13360595703125,"loss_train":-3.7700586318969727,"entropy_w":4.992218971252441,"diag_var_w":0.01688252203166485,"max_eigval_norm":0.30964016914367676}