{"min_eigval_norm":-0.011661496944725513,"epoch":49,"acc_train":52.482638888888886,"condition_sigma":5.2408147968e+10,"quantile_75":1.976885855015098e-08,"_timestamp":1.7463062041836438e+09,"max_eigval_norm":0.4198227524757385,"quantile_25":-8.216636615543393e-08,"_step":357,"quantile_50":-1.1495094875968448e-09,"_wandb":{"runtime":1965},"sum_squared_off_diag":3896.476806640625,"epoch_train":49,"diag_var":0.07040930539369583,"trace_sigma":123.88397216796875,"loss_val":-0.3213995099067688,"epoch_val":49,"_runtime":1964.470498066,"entropy":1.7234060764312744,"lda_accuracy":59.8,"acc_val":64,"grad_norm":2.570101261138916,"rank_sigma":64,"loss":-0.4107005000114441,"loss_train":-0.1800679922103882}