{"sum_squared_off_diag":2.970097780227661,"epochtrain":499,"quantile_75":2.547280246290029e-06,"quantile_50":7.087889741796971e-08,"totalval":2.0534863471984863,"min normalized eigenvalue":-8.770836757321376e-06,"total_grad_norm_encoder":0.024960976094007492,"total_acc_traintrain":80.8975,"_step":8999,"max normalized eigenvalue":0.11903555691242218,"total_acc_trainval":74.85000000000001,"quantile_25":-2.323655508007505e-06,"epochval":499,"_timestamp":1.7453981234712234e+09,"loss":2.0218071937561035,"totaltrain":2.0221232771873474,"rank simga":19,"entropy":2.203704595565796,"_runtime":10626.976914144,"trace":5.218533992767334,"diag_var":2.5666644432931207e-05,"condition simga":6.0993268e+07,"_wandb":{"runtime":10626}}