{"rank_sigma":506,"min_eigval_norm":-0.01072811707854271,"diag_var":3.167936301906593e-05,"quantile_25":-0.0016248549800366163,"trace_sigma":1.8094826936721802,"entropy":3.7751009464263916,"epoch":49,"loss_val":0,"_runtime":2732.91531884,"loss_train":-0.007490078608194987,"acc_val":0,"max_eigval_norm":0.16417744755744934,"_step":157,"sum_squared_off_diag":2.872880458831787,"quantile_50":-3.7712627090513706e-05,"acc_train":42.74088541666667,"_timestamp":1.7464584705416079e+09,"_wandb":{"runtime":2733},"loss":-0.0027716755867004395,"quantile_75":0.001670548808760941,"epoch_train":49,"lda_accuracy":39.321357285429144,"epoch_val":49,"grad_norm":0.4398099482059479,"condition_sigma":2.13323475e+06}