{"total_acc_trainval":25.55,"loss":-1.0077698230743408,"sum_squared_off_diag":0.003206646302714944,"min normalized eigenvalue":-2.075213342322968e-05,"_runtime":111.009550574,"total_acc_traintrain":25.39,"epochval":8,"_wandb":{"runtime":111},"totaltrain":-0.9636653959751129,"diag_var":4.205896857456537e-07,"_timestamp":1.744991185644758e+09,"total_grad_norm_encoder":0.8090429306030273,"totalval":-0.9188010692596436,"entropy":2.1059086322784424,"epochtrain":8,"trace":0.16121366620063782,"quantile_50":7.463023621312459e-07,"quantile_25":-6.041267170076026e-06,"quantile_75":7.810258466633968e-06,"condition simga":2.562606e+06,"max normalized eigenvalue":0.2072068154811859,"rank simga":96,"_step":176}