{"quantile_25":0.0014379702042788267,"totalval":1.35082346200943,"min normalized eigenvalue":5.667640380124794e-06,"total_acc_traintrain":19.265,"max normalized eigenvalue":0.7430732846260071,"_step":240,"_runtime":166.294469847,"sum_squared_off_diag":446.0623474121094,"rank simga":8,"_timestamp":1.7454301531352112e+09,"diag_var":4.9687418937683105,"loss":NaN,"entropy":0.852677583694458,"total_grad_norm_encoder":5707.89501953125,"quantile_50":0.005299974698573351,"epochtrain":12,"epochval":12,"totaltrain":NaN,"condition simga":1.674690375e+06,"_wandb":{"runtime":167},"quantile_75":0.06099453940987587,"trace":2.9644546508789062,"total_acc_trainval":21.58}