{"entropy":4.844097137451172,"epoch_val":14,"acc_val":0,"quantile_75":0.013971325010061264,"acc_train":60,"grad_norm":44.22641372680664,"_runtime":627.45508325,"loss_train":0.04423632621765137,"sum_squared_off_diag":227.08053588867188,"quantile_50":-0.0015383018180727959,"quantile_25":-0.013986773788928986,"_timestamp":1.746246732974007e+09,"_wandb":{"runtime":641},"lda_accuracy":22.400000000000002,"epoch_train":14,"loss":0.935930609703064,"rank_sigma":501,"max_eigval_norm":0.42003679275512695,"loss_val":0,"min_eigval_norm":-0.2194562703371048,"epoch":12,"condition_sigma":480588.78125,"_step":55,"diag_var":0.0008276522275991738,"trace_sigma":2.276838779449463}