{"entropy":4.344616413116455,"_timestamp":1.7474445852178288e+09,"sum_squared_off_diag":18.44969940185547,"quantile_75":0.0002078094257740304,"grad_norm":132.8199005126953,"mean_of_class_means_norms":0.3903971016407013,"max_diff":0.00018721818923950195,"epoch":49,"diag_var_w":0.005502759013324976,"entropy_w":5.725803375244141,"sum_squared_off_diag_w":0.002396124880760908,"diag_var_b":0.005502759013324976,"_runtime":11543.688104984,"loss":102.72203063964844,"quantile_50":3.4123680961783975e-05,"entropy_b":3.763115167617798,"trace_sigma":24.494291305541992,"lda_accuracy":26.700000000000003,"std_of_class_mean_norms":0.05680539458990097,"rank_sigma":495,"complex_count":0,"trace_b":0.08147484064102173,"loss_train":98.50669352213542,"diag_var":0.005502759013324976,"condition_sigma":313045.75,"_wandb":{"runtime":11544},"entropy_t":5.660958290100098,"_step":159,"trace_w":0.862337052822113,"min_eigval_norm":-0.0005662153707817197,"quantile_25":-6.781509728170931e-05,"distance_of_mean_class_means_origin":0.2722156047821045,"sum_squared_off_diag_b":0.00026501910178922117,"max_eigval_norm":0.052454665303230286,"epoch_train":49}