{"quantile_50":2.3245064539878513e-07,"diag_var":0.000373285380192101,"epochtrain":644,"_runtime":8957.72157553,"loss":-1.08710777759552,"sum_squared_off_diag":0.28959447145462036,"total_grad_norm_encoder":0.11867842078208923,"total_acc_traintrain":59.085,"_step":11609,"totalval":-1.0838096737861633,"quantile_75":3.905951871274738e-06,"total_acc_trainval":56.589999999999996,"epochval":644,"_wandb":{"runtime":8959},"condition simga":3.25834625e+06,"_timestamp":1.7452746123895211e+09,"max normalized eigenvalue":0.13428066670894623,"quantile_25":-2.4469827621942386e-06,"min normalized eigenvalue":-1.571806387801189e-05,"totaltrain":-1.086800903081894,"trace":1.78401780128479,"entropy":2.1929845809936523,"rank simga":79}