{"rank_sigma":509,"loss_train":1663.7490234375,"epoch":37,"entropy":4.699697971343994,"distance_of_mean_class_means_origin":0.16030879318714142,"complex_count":0,"quantile_75":0.0004909770796075463,"entropy_b":4.502463340759277,"diag_var_w":1.3530777323467191e-05,"std_of_class_mean_norms":0.025038523599505424,"_runtime":9350.231056588,"trace_sigma":7.519259452819824,"loss":1935.87744140625,"mean_of_class_means_norms":0.20188137888908386,"sum_squared_off_diag_b":3.982188900408801e-06,"sum_squared_off_diag":0.9300893545150757,"diag_var":1.3530777323467191e-05,"epoch_train":36,"quantile_50":8.21377252577804e-05,"diag_var_b":1.3530777323467191e-05,"condition_sigma":85770.296875,"max_diff":9.483098983764648e-05,"grad_norm":880.9736938476562,"quantile_25":-0.00016516810865141451,"lda_accuracy":3.06,"_step":82,"max_eigval_norm":0.026583991944789886,"sum_squared_off_diag_w":0.002483779564499855,"entropy_t":5.895177841186523,"_wandb":{"runtime":9392},"trace_w":0.9000727534294128,"min_eigval_norm":-0.001572197419591248,"_timestamp":1.7472906349909968e+09,"trace_b":0.015622913837432861,"entropy_w":5.896709442138672}