{"_wandb":{"runtime":89},"quantile_50":-0.00020305096404626966,"condition simga":9615.2998046875,"loss":16383.662109375,"entropy":1.9030555486679077,"epoch":0,"diag_var":3.385900670949127e-09,"min normalized eigenvalue":-0.007318610325455666,"sum_squared_off_diag":0.0005525434971787035,"max normalized eigenvalue":0.7484584450721741,"_runtime":63.012512312,"rank simga":512,"quantile_75":-0.00010114052565768361,"_step":1,"quantile_25":-0.00043028147774748504,"trace":0.030986294150352478,"_timestamp":1.745905405083236e+09,"total_grad_norm_encoder":0}