{"_step":23,"loss_val":0,"quantile_25":-0.008588841184973717,"min_eigval_norm":-0.029913542792201042,"epoch_train":1,"max_eigval_norm":0.0537872277200222,"acc_val":0,"epoch":0,"rank_sigma":509,"trace_sigma":7.2713775634765625,"epoch_val":1,"quantile_50":-9.276930359192193e-05,"_timestamp":1.746162095120774e+09,"grad_norm":133.87667846679688,"quantile_75":0.010436264798045158,"acc_train":0,"condition_sigma":86910,"_runtime":4097.436156247,"loss":18.113624572753906,"lda_accuracy":0.338,"entropy":5.155651569366455,"loss_train":0,"sum_squared_off_diag":22.336549758911133,"diag_var":9.468424104852602e-05,"_wandb":{"runtime":4256}}