{"rank_sigma":498,"loss_val":0,"acc_train":48.79340277777778,"acc_val":0,"entropy":3.3910884857177734,"_timestamp":1.7463235352308521e+09,"trace_sigma":4.872171401977539,"quantile_75":0.0010425243526697159,"sum_squared_off_diag":24.429161071777344,"epoch_train":38,"_step":275,"loss_train":0.04780797958374024,"epoch_val":37,"quantile_25":-0.0010698866099119186,"_runtime":1503.012155527,"diag_var":0.00041969650192186236,"condition_sigma":548509.3125,"_wandb":{"runtime":1506},"min_eigval_norm":-0.006971525028347969,"quantile_50":-2.317367761861533e-05,"lda_accuracy":44.6,"grad_norm":0.8535799980163574,"loss":0.022109687328338623,"epoch":38,"max_eigval_norm":0.21219846606254578}