{"trace":2.384464740753174,"total_acc_trainval":31.18617168092741,"_wandb":{"runtime":24458},"quantile_50":6.991143663981347e-07,"quantile_25":-3.851152541756164e-06,"min normalized eigenvalue":-0.0017377804033458233,"_runtime":24451.694357819,"sum_squared_off_diag":0.5100260972976685,"diag_var":7.529897266067564e-05,"condition simga":7.6740296e+07,"epoch":15,"max normalized eigenvalue":0.23182149231433868,"rank simga":263,"totaltrain":259839.90625,"epochtrain":14,"entropy":3.018916606903076,"loss":259706.84375,"total_grad_norm_encoder":7736.00732421875,"quantile_75":5.477010563481599e-05,"_timestamp":1.7456602776409404e+09,"total_acc_traintrain":30.932482787174337,"epochval":14,"totalval":259672.65,"_step":3963}