{"trace":0.9921398758888245,"epochval":352,"totalval":-1.046627163887024,"_step":6370,"loss":-1.0896471738815308,"entropy":2.1918601989746094,"_wandb":{"runtime":4000},"epochtrain":353,"min normalized eigenvalue":-1.5950057786540128e-05,"quantile_25":-3.3149970022350317e-06,"_runtime":3997.21227439,"total_grad_norm_encoder":0.19783125817775726,"condition simga":1.15616872e+08,"total_acc_traintrain":55.535000000000004,"max normalized eigenvalue":0.140192911028862,"quantile_75":5.181108463148121e-06,"rank simga":90,"diag_var":7.826878572814167e-05,"quantile_50":4.1242714132749825e-07,"sum_squared_off_diag":0.09371970593929291,"totaltrain":-1.0908240526914597,"total_acc_trainval":50.56,"_timestamp":1.744999595253093e+09}