{"quantile_50":0.09496033191680908,"total_grad_norm_encoder":0.10702919214963913,"_step":6424,"diag_var":0.018835173919796944,"loss":0.2931066155433655,"entropy":2.1921041011810303,"total_acc_trainval":59.040000000000006,"rank simga":16,"_wandb":{"runtime":4364},"epochval":355,"_timestamp":1.7453589176687517e+09,"trace":5.124415397644043,"_runtime":4360.779504733,"quantile_25":4.112120222998783e-06,"epochtrain":356,"totalval":0.30650800466537476,"total_acc_traintrain":61.2825,"max normalized eigenvalue":0.13031105697155,"totaltrain":0.29297611862421036,"quantile_75":0.11246870458126068,"condition simga":123363.0078125,"min normalized eigenvalue":-2.705763472476974e-05,"sum_squared_off_diag":1.032008409500122}