{"entropy_w":4.391993045806885,"_step":659,"std_of_class_mean_norms":0.028755217790603638,"trace_sigma":23.57379722595215,"quantile_75":0.0001084555042325519,"sum_squared_off_diag":554.8548583984375,"entropy_t":4.012068748474121,"loss":-23.568134307861328,"_runtime":6512.039276592,"quantile_50":-4.387550518458738e-07,"trace_w":0.5502059459686279,"entropy":2.1510138511657715,"max_eigval_norm":0.4876207411289215,"max_diff":0.0010752081871032715,"complex_count":0,"rank_sigma":425,"distance_of_mean_class_means_origin":0.525304913520813,"quantile_25":-0.00011154048843309283,"mean_of_class_means_norms":0.6763902902603149,"grad_norm":524.6563110351562,"lda_accuracy":66.26984126984127,"condition_sigma":7.6232135e+06,"min_eigval_norm":-0.2990499436855316,"epoch":299,"sum_squared_off_diag_w":0.00559990294277668,"diag_var_b":0.011976826004683971,"diag_var_w":0.011976826004683971,"diag_var":0.011976826004683971,"trace_b":0.18225222826004028,"sum_squared_off_diag_b":0.004247779957950115,"loss_train":-25.31537373860677,"_timestamp":1.7478042374893641e+09,"entropy_b":1.9520751237869263,"epoch_train":299,"_wandb":{"runtime":6512}}