{"epochtrain":2,"epochval":2,"_wandb":{"runtime":38},"_runtime":35.110840453,"_timestamp":1.7449955725661924e+09,"quantile_25":-5.502766725840047e-06,"totaltrain":-0.7823408544063568,"diag_var":2.47966937649835e-07,"entropy":1.8341954946517944,"min normalized eigenvalue":-3.4055407013511285e-05,"totalval":-0.5765847265720367,"loss":-0.829561173915863,"total_acc_trainval":19.93,"quantile_75":9.088042133953422e-06,"_step":53,"total_grad_norm_encoder":2.9464752674102783,"condition simga":2.5740055e+06,"sum_squared_off_diag":0.0015808469615876675,"quantile_50":9.347610330223688e-07,"max normalized eigenvalue":0.29760733246803284,"total_acc_traintrain":22.425,"rank simga":80,"trace":0.09399494528770447}