{"_runtime":6437.476131452,"totalval":-2.1739100217819214,"loss":-2.1932520866394043,"totaltrain":-2.19327375292778,"_wandb":{"runtime":6437},"sum_squared_off_diag":3.350285530090332,"entropy":2.1964967250823975,"_step":8999,"_timestamp":1.7453631905365455e+09,"min normalized eigenvalue":-2.032069824053906e-05,"quantile_25":-4.5019919525657315e-06,"max normalized eigenvalue":0.12908141314983368,"rank simga":96,"quantile_75":5.540986421692651e-06,"diag_var":0.0010058918269351125,"total_grad_norm_encoder":0.048500049859285355,"condition simga":1.2895372e+07,"epochval":499,"total_acc_traintrain":63.9625,"trace":5.740691184997559,"quantile_50":3.434180939621001e-07,"epochtrain":499,"total_acc_trainval":61.19}