{"quantile_25":-4.968658799953118e-07,"min normalized eigenvalue":-0.00034235214116051793,"epoch":4,"totaltrain":16381.171153846153,"quantile_75":-1.466399712768407e-08,"diag_var":1.1852546322188573e-06,"_wandb":{"runtime":6972},"_runtime":6968.252422623,"total_acc_traintrain":19.217211538461537,"total_grad_norm_encoder":16.350032806396484,"max normalized eigenvalue":0.40057581663131714,"trace":0.9409064054489136,"sum_squared_off_diag":0.19426485896110535,"_step":569,"quantile_50":-1.3776416096789035e-07,"epochval":3,"_timestamp":1.7458809320629966e+09,"loss":16381.365234375,"rank simga":43,"epochtrain":3,"totalval":16379.9658203125,"condition simga":9.50071744e+08,"total_acc_trainval":7.478263869721226,"entropy":1.9097437858581543}