{"quantile_25":-2.654892796272179e-06,"min_eigval_norm":-0.11428706347942352,"condition_sigma":1.428588288e+09,"loss_train":0.1943293809890747,"lda_accuracy":21.157684630738522,"epoch_train":49,"entropy":1.2826159000396729,"max_eigval_norm":0.6446827054023743,"acc_train":20.904947916666668,"quantile_50":-1.1485605355687767e-08,"trace_sigma":0.1564684361219406,"_timestamp":1.746373411810311e+09,"sum_squared_off_diag":0.014370739459991455,"acc_val":29.740518962075846,"_step":157,"grad_norm":0.6807255148887634,"_wandb":{"runtime":2733},"epoch_val":49,"epoch":49,"_runtime":2733.053770241,"rank_sigma":60,"loss":0.7138501405715942,"diag_var":9.252649846303029e-08,"loss_val":0.5923177401224772,"quantile_75":9.812055878910542e-08}