{"rank_sigma":429,"entropy_w":4.980788230895996,"_wandb":{"runtime":2582},"trace_w":0.7853353023529053,"distance_of_mean_class_means_origin":0.32431212067604065,"std_of_class_mean_norms":0.11267561465501785,"max_eigval_norm":0.4343148469924927,"max_diff":0.0002619624137878418,"epoch":114,"sum_squared_off_diag_b":0.0020279916934669018,"loss":0.8552090525627136,"lda_accuracy":60.11904761904761,"mean_of_class_means_norms":0.4572657644748688,"grad_norm":0.6989881992340088,"entropy":2.189058780670166,"trace_sigma":19.012950897216797,"diag_var":0.004982362035661936,"_step":252,"entropy_b":1.9560701847076416,"_runtime":2492.192694608,"diag_var_w":0.004982362035661936,"quantile_75":0.00010901300993282348,"entropy_t":4.791318893432617,"quantile_25":-0.00011094497313024476,"loss_train":0.6279532114664713,"min_eigval_norm":-0.22206123173236847,"quantile_50":-3.1729857141726825e-07,"complex_count":0,"trace_b":0.1153031587600708,"sum_squared_off_diag_w":0.004779144190251827,"_timestamp":1.747795535112495e+09,"epoch_train":114,"diag_var_b":0.004982362035661936,"sum_squared_off_diag":250.56568908691406,"condition_sigma":4.019046e+06}