{"epochtrain":427,"_step":5999,"total_grad_norm_encoder":0.07652759552001953,"max normalized eigenvalue":0.12733027338981628,"_wandb":{"runtime":7463},"entropy":2.196943998336792,"_timestamp":1.7453684966557918e+09,"condition simga":1.965244e+06,"sum_squared_off_diag":2.320221424102783,"diag_var":0.0005770724965259433,"totalval":1.3415755033493042,"rank simga":105,"trace":4.784902095794678,"min normalized eigenvalue":-1.7988377294386737e-05,"quantile_50":9.247545449397876e-07,"epochval":427,"quantile_75":7.633098903170321e-06,"total_acc_trainval":57.29,"_runtime":7462.236952981,"totaltrain":1.3319512208302815,"quantile_25":-4.589977379509946e-06,"total_acc_traintrain":59.065,"loss":1.3318372964859009}