{"loss_train":20.87380811903212,"sum_squared_off_diag_b":0.0031175767071545124,"entropy_w":4.4385271072387695,"trace_sigma":26.475269317626953,"quantile_75":0.006967118941247463,"entropy_t":4.2983903884887695,"rank_sigma":124,"trace_w":0.6983775496482849,"mean_of_class_means_norms":0.2812667489051819,"sum_squared_off_diag":38.92934036254883,"condition_sigma":492119.6875,"_step":167,"epoch_train":51,"lda_accuracy":31.8,"loss":20.935544967651367,"_wandb":{"runtime":4157},"min_eigval_norm":-0.03134354203939438,"trace_b":0.2037634253501892,"_runtime":4146.127794454,"_timestamp":1.7478624694430962e+09,"epoch":52,"diag_var_b":0.0060629649087786674,"sum_squared_off_diag_w":0.0044989921152591705,"complex_count":0,"entropy":3.344985246658325,"max_diff":0.0002906918525695801,"std_of_class_mean_norms":0.28900349140167236,"diag_var_w":0.0060629649087786674,"entropy_b":3.027419328689575,"quantile_50":1.1266517958574696e-06,"diag_var":0.0060629649087786674,"distance_of_mean_class_means_origin":0.17311717569828033,"grad_norm":37.00345230102539,"max_eigval_norm":0.13126520812511444,"quantile_25":-0.000339243037160486}