{"_wandb":{"runtime":9275},"_runtime":9272.613423852,"trace":442.74853515625,"total_acc_trainval":69.65,"epochval":200,"min normalized eigenvalue":-0.0002348822308704257,"total_grad_norm_encoder":28.15938377380371,"entropy":0.3131696581840515,"totalval":-3.5758144855499268,"totaltrain":-5.442514657974243,"sum_squared_off_diag":621175.25,"rank simga":44,"max normalized eigenvalue":0.9609378576278687,"quantile_75":2.3557278836960904e-05,"total_acc_traintrain":70.09714285714286,"diag_var":7.511858940124512,"quantile_50":-1.9238299842072593e-10,"quantile_25":-2.4239427148131654e-05,"_step":3489,"_timestamp":1.7454591812769604e+09,"epochtrain":200,"condition simga":4.336876e+07,"loss":-6.093001842498779}