{"_timestamp":1.7461191284592988e+09,"epoch":24,"quantile_50":-4.921183816009034e-08,"_step":974,"loss_val":26.446548461914062,"trace_sigma":2.211635112762451,"quantile_75":6.716240932291839e-07,"quantile_25":-5.410701078290003e-07,"lda_accuracy":0.02942,"acc_val":8.06,"epoch_train":24,"min_eigval_norm":-4.4183638237882406e-05,"loss_train":26.735941569010418,"entropy":2.2272799015045166,"diag_var":1.0471914720255882e-05,"max_eigval_norm":0.2700940668582916,"rank_sigma":56,"loss":26.79920768737793,"acc_train":13.336484652039008,"_wandb":{"runtime":51604},"condition_sigma":3.777134848e+09,"grad_norm":16.170141220092773,"_runtime":51603.600906773,"sum_squared_off_diag":0.7480490803718567,"epoch_val":24}