{"_timestamp":1.7462431307239275e+09,"_runtime":36.58027855,"_step":0,"_wandb":{"runtime":44},"epoch_train":0,"loss_train":0,"acc_train":0}