{"quantile_25":-0.0004321853048168123,"min normalized eigenvalue":-0.0025144359096884727,"quantile_75":0.00031384991598315537,"total_acc_trainval":70.32000000000001,"_step":4529,"total_acc_traintrain":71.035,"rank simga":467,"epochval":250,"condition simga":862859.0625,"diag_var":0.000548334966879338,"quantile_50":-3.568494867067784e-05,"totaltrain":-1.1169964522123337,"totalval":-0.7612376511096954,"_wandb":{"runtime":5886},"total_grad_norm_encoder":0.22028513252735138,"sum_squared_off_diag":88.69760131835938,"_timestamp":1.745441959213459e+09,"max normalized eigenvalue":0.13206487894058228,"_runtime":5878.117245201,"loss":-1.0552328824996948,"trace":7.238334655761719,"epochtrain":250,"entropy":2.7803597450256348}