{"quantile_25":-1.9864852220052853e-05,"epoch":16,"_step":615,"loss_train":16038.520833333334,"acc_train":11.713468943927305,"diag_var":5.0093494792236015e-06,"sum_squared_off_diag":0.5385141372680664,"grad_norm":11.665154457092285,"rank_sigma":291,"trace_sigma":1.8141438961029053,"quantile_50":2.8106474019296e-06,"loss_val":16380.2939453125,"quantile_75":2.6168854674324393e-05,"_timestamp":1.746055529695655e+09,"loss":16379.47265625,"_runtime":28694.846753417,"condition_sigma":1.0058232e+07,"min_eigval_norm":-5.6073626183206216e-05,"epoch_val":15,"epoch_train":15,"_wandb":{"runtime":28730},"entropy":2.2365829944610596,"acc_val":8.414000000000001,"max_eigval_norm":0.32291024923324585}