{"loss_train":1.7297781308492024,"lda_accuracy":23.61111111111111,"_wandb":{"runtime":132},"grad_norm":1.1477386951446533,"_timestamp":1.7477888806027744e+09,"_runtime":125.044197192,"_step":7,"epoch_train":2}