{"epoch_train":5,"loss_train":0,"_timestamp":1.74631861178335e+09,"loss_val":0,"diag_var":1.05910707759449e-07,"_step":12,"_wandb":{"runtime":268},"condition_sigma":Infinity,"sum_squared_off_diag":0.0059608230367302895,"loss":0.8372310996055603,"min_eigval_norm":-0.09728877991437912,"max_eigval_norm":0.7757133841514587,"rank_sigma":124,"quantile_75":1.0345402756684052e-08,"entropy":1.5570588111877441,"quantile_25":-3.5552102417568676e-07,"lda_accuracy":18,"acc_val":0,"trace_sigma":0.07267951965332031,"quantile_50":-1.312549069432123e-09,"epoch":0,"_runtime":244.370886967,"acc_train":0,"epoch_val":5}