{"grad_norm":6.623447895050049,"epoch":0,"diag_var":0.00017799959459807724,"loss_val":0,"sum_squared_off_diag":41.69896697998047,"rank_sigma":511,"condition_sigma":25483.248046875,"quantile_25":-0.00592484325170517,"quantile_75":0.0074531398713588715,"loss_train":-0.14373797840542263,"quantile_50":-8.977829565992579e-05,"max_eigval_norm":0.04417801275849342,"_timestamp":1.7462191470262458e+09,"entropy":5.129894733428955,"_wandb":{"runtime":3359},"epoch_val":0,"acc_train":34.31678185096153,"min_eigval_norm":-0.019940301775932312,"_step":15,"trace_sigma":14.611835479736328,"_runtime":2044.411946783,"loss":-0.3945809006690979,"epoch_train":0,"acc_val":0,"lda_accuracy":0.43}