{"quantile_75":2.7146501452079974e-05,"trace":0.7607269287109375,"entropy":2.1900784969329834,"sum_squared_off_diag":0.060758013278245926,"quantile_50":-1.544789847685024e-05,"_step":1042,"total_acc_trainval":45.15,"_timestamp":1.7452893252171957e+09,"quantile_25":-9.804982983041555e-05,"diag_var":4.679362245951779e-05,"max normalized eigenvalue":0.1520688235759735,"rank simga":124,"condition simga":387104.96875,"total_acc_traintrain":45.135,"epochtrain":57,"totalval":-1.0557972192764282,"_wandb":{"runtime":2383},"min normalized eigenvalue":-0.009820356033742428,"loss":-1.0474963188171387,"epochval":56,"totaltrain":-1.073113113641739,"total_grad_norm_encoder":0.6591271758079529,"_runtime":2378.304765821}