{"entropy":3.7491588592529297,"sum_squared_off_diag":0.689950704574585,"max_eigval_norm":0.1692245751619339,"min_eigval_norm":-0.009009452536702156,"quantile_75":0.0017058651428669691,"loss_val":0,"_runtime":2718.947248513,"loss_train":0.0077158013979593916,"rank_sigma":506,"_wandb":{"runtime":2719},"trace_sigma":0.9938328266143799,"acc_train":35.1171875,"epoch_val":49,"quantile_25":-0.0016832698602229357,"grad_norm":0.6568213105201721,"_timestamp":1.7464064366146991e+09,"diag_var":5.615444479190046e-06,"loss":0.016611576080322266,"_step":142,"epoch_train":49,"epoch":47,"acc_val":0,"lda_accuracy":30.738522954091817,"condition_sigma":56770.66796875,"quantile_50":-2.2742127839592285e-05}