{"quantile_25":-0.0028163811657577753,"_timestamp":1.746240697992371e+09,"rank_sigma":504,"loss_train":0,"quantile_75":0.0019081872887909412,"acc_val":0,"loss_val":0,"epoch_val":49,"loss":0.4073086380958557,"lda_accuracy":30,"_step":127,"max_eigval_norm":0.3721950352191925,"quantile_50":-0.0004097346682101488,"grad_norm":1.702202320098877,"_runtime":1973.025753803,"sum_squared_off_diag":3.0651443004608154,"diag_var":1.5130391147977207e-05,"condition_sigma":345011.125,"epoch":21,"acc_train":0,"trace_sigma":1.1201201677322388,"epoch_train":49,"min_eigval_norm":-0.012017501518130302,"entropy":3.4618983268737793,"_wandb":{"runtime":1973}}