{"complex_count":0,"loss":0.5757574439048767,"quantile_75":0.02087116800248623,"trace_sigma":3.000386953353882,"condition_sigma":25196.28515625,"min_eigval_norm":-0.0633399710059166,"entropy":5.12612771987915,"_runtime":74.83373975,"sum_squared_off_diag":8.94027328491211,"sum_squared_off_diag_b":1.3665126061823685e-05,"sum_squared_off_diag_w":2.1184161596465856e-05,"grad_norm":NaN,"rank_sigma":511,"epoch":0,"_wandb":{"runtime":81},"trace_b":0.004301846027374268,"diag_var":4.762536264024675e-05,"quantile_50":-0.00032865157118067145,"trace_w":0.09466177225112915,"quantile_25":-0.020977700129151344,"max_eigval_norm":0.3753366768360138,"_timestamp":1.7466658467723522e+09,"_step":0}