{"condition simga":9.118244e+06,"_wandb":{"runtime":2130},"_runtime":2129.36691956,"totaltrain":16377.36568627451,"_timestamp":1.745726737605573e+09,"quantile_50":7.627291779499501e-06,"epochval":0,"loss":16374.93359375,"quantile_75":0.00022842195176053792,"epoch":0,"entropy":3.935119867324829,"trace":3.689929485321045,"total_acc_trainval":52.221915539608055,"max normalized eigenvalue":0.09880921244621277,"rank simga":348,"diag_var":0.00018176018784288317,"_step":511,"quantile_25":-3.5184820035283337e-07,"total_acc_traintrain":48.532033244650265,"epochtrain":0,"min normalized eigenvalue":-0.001983961323276162,"sum_squared_off_diag":0.3473609685897827,"totalval":16376.114224137931,"total_grad_norm_encoder":25.074939727783203}