{"_wandb":{"runtime":1647},"quantile_75":0.0012564212083816528,"_runtime":1638.979439161,"diag_var":0.00028132746228948236,"sum_squared_off_diag_b":0.0002189906226703897,"_step":7,"quantile_25":-0.0010953296441584826,"sum_squared_off_diag_w":8.130463538691401e-05,"condition_sigma":27607.947265625,"epoch":0,"trace_w":0.3536670207977295,"entropy":3.7516984939575195,"_timestamp":1.7466691294077914e+09,"trace_b":0.04148125648498535,"min_eigval_norm":-0.006219842471182346,"loss":-0.8837913274765015,"grad_norm":1.6712833642959595,"complex_count":0,"max_eigval_norm":0.15152692794799805,"quantile_50":6.77623029332608e-05,"rank_sigma":510,"trace_sigma":14.640433311462402,"sum_squared_off_diag":22.412128448486328}