{"_wandb":{"runtime":145},"total_grad_norm_encoder":0.7043672800064087,"_timestamp":1.7455578419825647e+09,"_runtime":144.261202542,"_step":1147}