{"entropy_t":2.943638801574707,"entropy":3.3289103507995605,"quantile_75":0.0015582351479679346,"min_eigval_norm":-0.2788977026939392,"_wandb":{"runtime":71},"complex_count":0,"_timestamp":1.7477740365525074e+09,"trace_sigma":2.0496957302093506,"max_diff":1.0967254638671875e-05,"max_eigval_norm":0.4590374231338501,"epoch":0,"diag_var_w":1.3341928024601657e-05,"sum_squared_off_diag":1.78005850315094,"grad_norm":NaN,"quantile_25":-0.0015688196290284395,"sum_squared_off_diag_b":7.116232609405415e-06,"sum_squared_off_diag_w":0.0024312373716384172,"loss":125.5333480834961,"rank_sigma":505,"diag_var_b":1.3341928024601657e-05,"_step":2,"entropy_w":2.9792909622192383,"loss_train":94.08226521809895,"diag_var":1.3341928024601657e-05,"std_of_class_mean_norms":0.004776296205818653,"condition_sigma":414249.0625,"lda_accuracy":25,"trace_b":0.003603994846343994,"entropy_b":1.5503758192062378,"epoch_train":0,"distance_of_mean_class_means_origin":0.9502395391464233,"quantile_50":-1.3518863852368668e-05,"trace_w":0.09488731622695923,"mean_of_class_means_norms":0.9521319270133972,"_runtime":70.701763076}