{"quantile_50":-3.888964261733463e-09,"quantile_75":3.200587173068925e-08,"epoch_val":49,"epoch_train":49,"loss_train":-0.17243075370788574,"trace_sigma":91.3869400024414,"quantile_25":-8.814338769980168e-08,"min_eigval_norm":-0.01671401970088482,"acc_val":65.2,"grad_norm":2.4596705436706543,"rank_sigma":81,"diag_var":0.016057146713137627,"_wandb":{"runtime":1971},"sum_squared_off_diag":1644.2763671875,"max_eigval_norm":0.3039870262145996,"_timestamp":1.7463082570038037e+09,"_step":357,"acc_train":52.23958333333333,"loss_val":-0.32611846923828125,"condition_sigma":5.594855424e+09,"entropy":1.882555603981018,"_runtime":1971.095717269,"loss":-0.39170441031455994,"epoch":49,"lda_accuracy":59.8}