{"min normalized eigenvalue":-0.0007575383642688394,"trace":0.7088435888290405,"epochtrain":64,"quantile_75":0.0001012231659842655,"_wandb":{"runtime":3304},"totaltrain":-1.0713081061840057,"condition simga":176252.890625,"diag_var":1.8494021787773818e-05,"totalval":-1.0527947545051575,"epochval":64,"_timestamp":1.7452968659325483e+09,"entropy":2.2138850688934326,"quantile_25":-8.94041295396164e-05,"rank simga":127,"_runtime":3302.764548325,"total_acc_trainval":42.970000000000006,"_step":1169,"total_grad_norm_encoder":0.5874157547950745,"quantile_50":5.797666744911112e-06,"max normalized eigenvalue":0.14808343350887299,"loss":-1.0665819644927979,"total_acc_traintrain":43.9825,"sum_squared_off_diag":0.05324807018041611}