{"sum_squared_off_diag":31.34222412109375,"mean_of_class_means_norms":0.4312671422958374,"entropy":4.325925827026367,"entropy_t":5.5840606689453125,"epoch":49,"lda_accuracy":28.58,"entropy_w":5.669277191162109,"complex_count":0,"diag_var_b":0.011302240192890167,"grad_norm":161.40562438964844,"loss":96.15445709228516,"sum_squared_off_diag_w":0.002588738454505801,"_wandb":{"runtime":12510},"std_of_class_mean_norms":0.05589032545685768,"trace_w":0.8239662647247314,"epoch_train":49,"min_eigval_norm":-0.0006021756562404335,"max_eigval_norm":0.0500875823199749,"diag_var":0.011302240192890167,"distance_of_mean_class_means_origin":0.2972029447555542,"trace_b":0.10073751211166382,"entropy_b":3.7441394329071045,"trace_sigma":31.860647201538086,"condition_sigma":408918.28125,"quantile_50":3.155567537760362e-05,"_runtime":12510.393547694,"sum_squared_off_diag_b":0.0004416385490912944,"quantile_75":0.00020140892593190074,"_timestamp":1.747361825243589e+09,"diag_var_w":0.011302240192890167,"quantile_25":-6.179480988066643e-05,"loss_train":85.3433837890625,"max_diff":9.953975677490234e-05,"rank_sigma":489,"_step":109}