{"_wandb":{"runtime":7},"total_grad_norm_encoder":9.080340385437012,"_timestamp":1.7455133415489402e+09,"_runtime":6.44114278,"_step":1}