{"quantile_25":-5.1972792789456435e-06,"_wandb":{"runtime":7879},"sum_squared_off_diag":1.2628817558288574,"min normalized eigenvalue":-2.1059704522485845e-05,"loss":0.9834880232810974,"total_acc_traintrain":78.7625,"epochtrain":499,"rank simga":58,"total_grad_norm_encoder":0.03847281634807587,"diag_var":0.0009102122276090086,"totaltrain":0.9836708232760429,"condition simga":8.956335e+06,"_timestamp":1.7453968734411027e+09,"entropy":2.1966493129730225,"quantile_75":1.120225260820007e-05,"total_acc_trainval":76.68,"_runtime":7879.089354979,"max normalized eigenvalue":0.12499044090509415,"_step":8999,"quantile_50":1.5091272871359251e-06,"totalval":0.9877234697341919,"trace":3.7064738273620605,"epochval":499}