{"rank simga":284,"total_grad_norm_encoder":52.10346984863281,"_wandb":{"runtime":30},"entropy":2.8344075679779053,"condition simga":9.3069984e+08,"_runtime":28.858618421,"max normalized eigenvalue":0.38304588198661804,"quantile_50":1.0376686532254098e-06,"trace":4.041001796722412,"_timestamp":1.7453405374953704e+09,"quantile_25":-0.0003090330574195832,"quantile_75":0.00037564183003269136,"sum_squared_off_diag":324.25299072265625,"loss":1.495269536972046,"_step":11,"min normalized eigenvalue":-0.005387722048908472,"diag_var":0.0012080762535333633}