{"total_grad_norm_encoder":0,"entropy":1.7217044830322266,"epoch":0,"condition simga":14778.9794921875,"_wandb":{"runtime":85},"diag_var":2.83362822095512e-09,"quantile_50":-0.00014729436952620745,"min normalized eigenvalue":-0.007067268248647451,"_timestamp":1.7459048520225632e+09,"_step":1,"sum_squared_off_diag":0.0004532108723651618,"rank simga":512,"loss":16383.6435546875,"trace":0.028754698112607002,"_runtime":56.359611725,"quantile_25":-0.0003143535286653787,"quantile_75":-7.872748392401263e-05,"max normalized eigenvalue":0.7263380289077759}