{"totaltrain":16211.121575342466,"sum_squared_off_diag":0.4605673551559448,"total_acc_trainval":10.722,"condition simga":2.7634733056e+10,"min normalized eigenvalue":-0.0002181880990974605,"epoch":14,"quantile_50":-1.6994505358525203e-07,"loss":16380.0478515625,"epochtrain":13,"entropy":2.101914644241333,"_timestamp":1.7459050463388631e+09,"quantile_75":-3.381287783099651e-08,"_runtime":24005.644956281,"diag_var":3.0262158361438196e-06,"_wandb":{"runtime":24020},"quantile_25":-5.760674639532226e-07,"max normalized eigenvalue":0.36342889070510864,"total_grad_norm_encoder":13.659651756286621,"totalval":16379.6904296875,"total_acc_traintrain":27.936332179930794,"epochval":13,"_step":2101,"rank simga":41,"trace":1.5611255168914795}