{"sum_squared_off_diag":0.0023685491178184748,"entropy":2.1829841136932373,"trace":0.15134930610656738,"_timestamp":1.745001973842275e+09,"max normalized eigenvalue":0.1444244086742401,"epochval":109,"condition simga":3.65759875e+06,"diag_var":7.088070788086043e-07,"rank simga":91,"quantile_50":7.424927161991945e-07,"_runtime":1240.359895231,"total_acc_traintrain":37.7975,"_step":1979,"quantile_25":-3.7475151657417882e-06,"epochtrain":109,"_wandb":{"runtime":1242},"min normalized eigenvalue":-1.7392805602867156e-05,"totaltrain":-1.0780217051506042,"totalval":-1.0697237253189087,"quantile_75":5.794337994302623e-06,"total_grad_norm_encoder":0.6273395419120789,"loss":-1.0807921886444092,"total_acc_trainval":37.18}