{"total_grad_norm_encoder":5736.326171875,"epochval":13,"min normalized eigenvalue":-0.0023116639349609613,"totaltrain":259918.953125,"condition simga":1.41948016e+08,"sum_squared_off_diag":0.44765982031822205,"epochtrain":13,"_timestamp":1.7456829720259926e+09,"_runtime":22587.585900907,"entropy":3.031106948852539,"diag_var":0.00010254349035676569,"trace":2.238011360168457,"epoch":14,"quantile_50":4.1124161498373724e-07,"max normalized eigenvalue":0.23947171866893768,"total_acc_traintrain":30.656272522349838,"_step":3633,"totalval":259834.95,"loss":259856.15625,"_wandb":{"runtime":22597},"quantile_75":6.108517845859751e-05,"rank simga":263,"quantile_25":-3.1957647479430307e-06,"total_acc_trainval":30.91619514214739}