{"_timestamp":1.7463692565278294e+09,"quantile_25":-1.1871527760831668e-07,"acc_val":36,"loss":0.8569299578666687,"diag_var":5.41384679308976e-07,"epoch":0,"sum_squared_off_diag":0.031030232086777687,"epoch_val":0,"quantile_50":-2.2346613448576136e-09,"acc_train":19.658203125,"entropy":1.3680148124694824,"min_eigval_norm":-0.13152337074279785,"loss_train":0.241958886384964,"condition_sigma":2.09010245632e+11,"_step":2,"_wandb":{"runtime":80},"max_eigval_norm":0.7911458611488342,"_runtime":63.356110187,"loss_val":0.8069879412651062,"epoch_train":0,"trace_sigma":0.1987721025943756,"rank_sigma":124,"grad_norm":NaN,"quantile_75":1.0554006557583762e-08}