{"rank simga":93,"_timestamp":1.745873919480348e+09,"epoch":0,"_runtime":263.142998719,"quantile_25":-1.0069197031725707e-07,"diag_var":1.3262697962090897e-07,"total_grad_norm_encoder":19.598892211914062,"loss":16383.896484375,"min normalized eigenvalue":-0.34290024638175964,"sum_squared_off_diag":0.02315337024629116,"entropy":1.2339036464691162,"trace":0.12785333395004272,"quantile_75":8.849140442634962e-08,"_wandb":{"runtime":269},"max normalized eigenvalue":0.9399134516716003,"_step":27,"quantile_50":-1.7846565336654407e-09,"condition simga":3.524159488e+09}