{"total_acc_traintrain":18.512500000000003,"_timestamp":1.745432204477636e+09,"trace":7.831715106964111,"_runtime":505.648219223,"totalval":-0.19439655542373657,"quantile_25":0.00032972352346405387,"rank simga":8,"total_grad_norm_encoder":23.682418823242188,"condition simga":2.6414124e+07,"_wandb":{"runtime":509},"max normalized eigenvalue":0.9298646450042725,"totaltrain":-0.11057332344353199,"diag_var":12.047087669372559,"_step":754,"total_acc_trainval":16.61,"entropy":0.3203294277191162,"epochval":40,"min normalized eigenvalue":-0.0003133921418339014,"quantile_50":0.002198710571974516,"loss":-0.093546561896801,"sum_squared_off_diag":2811.6865234375,"epochtrain":41,"quantile_75":0.010708101093769073}