{"min normalized eigenvalue":-0.0015048235654830933,"total_acc_trainval":84.25,"rank simga":481,"diag_var":0.003224791958928108,"trace":24.64423370361328,"max normalized eigenvalue":0.11264307796955109,"quantile_75":0.0006532582337968051,"sum_squared_off_diag":507.1691589355469,"epochval":112,"_runtime":4065.462413724,"totalval":-0.4103921577334404,"quantile_50":0.00018598049064166844,"epochtrain":112,"totaltrain":-0.9869986400008202,"quantile_25":-9.439224231755361e-05,"loss":-1.1110608577728271,"total_grad_norm_encoder":0.3295430839061737,"_wandb":{"runtime":4095},"total_acc_traintrain":91.0175,"_timestamp":1.7454425344636295e+09,"condition simga":6.8117672e+07,"entropy":3.321218490600586,"_step":2041}