{"sum_squared_off_diag":0.7022831439971924,"rank_sigma":127,"entropy_b":3.570895195007324,"quantile_25":-0.0003328399034217,"_wandb":{"runtime":2130},"_runtime":2127.437712853,"trace_w":0.70414137840271,"loss_train":7.858167012532552,"min_eigval_norm":-0.0076085710898041725,"diag_var_w":6.78295546094887e-05,"loss":7.963555335998535,"_step":83,"_timestamp":1.7478584632554924e+09,"sum_squared_off_diag_w":0.0028298008255660534,"diag_var_b":6.78295546094887e-05,"lda_accuracy":5.34,"grad_norm":0.7869899272918701,"trace_sigma":4.961423873901367,"std_of_class_mean_norms":0.2836834788322449,"entropy_w":4.579312324523926,"entropy_t":4.5793914794921875,"max_eigval_norm":0.06835585087537766,"condition_sigma":124494.515625,"quantile_50":6.67479162075324e-06,"distance_of_mean_class_means_origin":0.26953545212745667,"mean_of_class_means_norms":0.28166571259498596,"complex_count":0,"trace_b":0.02742224931716919,"diag_var":6.78295546094887e-05,"sum_squared_off_diag_b":2.0792991563212126e-05,"entropy":3.6395089626312256,"max_diff":0.00023758411407470703,"epoch_train":25,"epoch":25,"quantile_75":0.011759001761674881}