{"loss_train":0.37927401065826416,"quantile_50":-9.2792369343897e-09,"_wandb":{"runtime":2676},"min_eigval_norm":-0.5237054824829102,"lda_accuracy":20.599999999999998,"max_eigval_norm":1.202634572982788,"sum_squared_off_diag":0.008695129305124283,"grad_norm":0.7393060326576233,"_timestamp":1.7463376083775823e+09,"loss":1.4024056196212769,"diag_var":5.902479571773256e-08,"epoch_val":49,"rank_sigma":67,"acc_val":29.599999999999998,"condition_sigma":3.744975616e+09,"epoch_train":49,"loss_val":4.003248691558838,"acc_train":20.654296875,"quantile_75":1.976641357259723e-07,"trace_sigma":0.06099998578429222,"epoch":49,"_step":157,"_runtime":2675.809938189,"quantile_25":-3.206492067420186e-07,"entropy":1.3194998502731323}