{"max normalized eigenvalue":0.11963411420583725,"rank simga":23,"total_grad_norm_encoder":0.01608472317457199,"min normalized eigenvalue":-8.970613635028712e-06,"totaltrain":2.022134840488434,"loss":2.021644353866577,"_runtime":10651.620173234,"quantile_50":6.874009983448559e-08,"totalval":2.025267481803894,"_step":8999,"_wandb":{"runtime":10652},"trace":5.16257381439209,"_timestamp":1.7453974312258835e+09,"quantile_25":-2.175923100367072e-06,"condition simga":1.9273264e+07,"diag_var":4.4917705963598564e-05,"sum_squared_off_diag":2.896239757537842,"total_acc_traintrain":78.855,"epochtrain":499,"total_acc_trainval":75.56,"entropy":2.203723669052124,"quantile_75":2.3626660095033003e-06,"epochval":499}