{"acc_train":0,"_timestamp":1.7462457048693724e+09,"_runtime":35.512604547,"_step":0,"epoch_train":0,"loss_train":0,"_wandb":{"runtime":43}}