{"epoch":0,"condition_sigma":1.21252712e+08,"diag_var":7.98740131813247e-07,"rank_sigma":66,"entropy":1.8962188959121704,"acc_val":3.466,"epoch_train":0,"_timestamp":1.7460564051207712e+09,"max_eigval_norm":0.288818359375,"sum_squared_off_diag":0.11235760152339935,"_wandb":{"runtime":1817},"min_eigval_norm":-0.0002981660654768348,"epoch_val":0,"loss_val":29.806251525878906,"quantile_50":-2.623181956096232e-07,"_runtime":1816.8668214,"quantile_75":1.1316731161059579e-06,"trace_sigma":0.7659378051757812,"grad_norm":3.4482181072235107,"loss":29.66363525390625,"acc_train":6.360988752216312,"loss_train":30.393513997395832,"quantile_25":-1.3264248082123231e-06,"_step":37}