{"acc_train":9.608059064716311,"max_eigval_norm":0.33114516735076904,"min_eigval_norm":-0.0002295160520588979,"quantile_75":8.310270800393482e-07,"epoch_train":1,"loss_val":29.335712432861328,"sum_squared_off_diag":0.16459771990776062,"lda_accuracy":0.02186,"condition_sigma":7.46870656e+08,"acc_val":4.33,"rank_sigma":51,"epoch":1,"epoch_val":1,"_step":76,"loss":29.387351989746094,"loss_train":29.522471110026043,"trace_sigma":0.9149541854858398,"grad_norm":14.308512687683105,"quantile_50":-1.5454965307526436e-07,"diag_var":1.3264748304209206e-06,"_runtime":5464.102033092,"quantile_25":-8.769028454480576e-07,"_wandb":{"runtime":6222},"_timestamp":1.7460628699665468e+09,"entropy":1.9025635719299316}