{"std_of_class_mean_norms":0.19827055931091309,"trace_b":0.0919346809387207,"epoch_train":49,"complex_count":0,"quantile_50":2.59451935562538e-05,"grad_norm":90.464599609375,"_runtime":11545.806093612,"loss":104.58360290527344,"epoch":49,"trace_w":0.8140321373939514,"entropy_b":3.4945733547210693,"rank_sigma":487,"trace_sigma":22.550613403320312,"loss_train":99.34529622395833,"condition_sigma":3.297672e+06,"sum_squared_off_diag_w":0.0033533587120473385,"entropy_w":5.586336612701416,"lda_accuracy":29.74,"_timestamp":1.7474165258366082e+09,"min_eigval_norm":-0.00044868350960314274,"sum_squared_off_diag":24.652633666992188,"quantile_75":0.00018721717060543597,"entropy_t":5.493053436279297,"_wandb":{"runtime":11546},"diag_var":0.004464312456548214,"quantile_25":-8.223487384384498e-05,"mean_of_class_means_norms":0.33200424909591675,"diag_var_b":0.004464312456548214,"distance_of_mean_class_means_origin":0.24523994326591492,"_step":159,"max_diff":0.00010281801223754883,"diag_var_w":0.004464312456548214,"max_eigval_norm":0.06263598799705505,"sum_squared_off_diag_b":0.0004334534169174731,"entropy":4.128942489624023}