{"epoch_train":299,"loss_train":0.4036893844604492,"lda_accuracy":77.18253968253968,"_wandb":{"runtime":6282},"grad_norm":2.1390531063079834,"_timestamp":1.7477908683261287e+09,"_runtime":6281.401522461,"_step":659}