{"entropy":2.1938040256500244,"condition simga":4.337587712e+09,"quantile_25":-7.621958530990014e-08,"quantile_50":3.1136080380633757e-09,"epochval":4999,"totaltrain":-2.1927979588508606,"_runtime":59327.363928208,"quantile_75":9.555545830153278e-07,"trace":0.007810466922819614,"loss":-2.1938040256500244,"min normalized eigenvalue":-1.8985037968377583e-05,"diag_var":1.0225144286835075e-08,"rank simga":43,"sum_squared_off_diag":5.0734906835714355e-06,"_timestamp":1.7451469802041008e+09,"totalval":-2.0867385864257812,"_wandb":{"runtime":59328},"total_grad_norm_encoder":0.22651627659797668,"epochtrain":4999,"max normalized eigenvalue":0.13237915933132172,"_step":89999,"total_acc_trainval":51.76,"total_acc_traintrain":59.49250000000001}