{"min_eigval_norm":-0.03079543448984623,"max_eigval_norm":0.28806453943252563,"sum_squared_off_diag":0.10474389791488647,"rank_sigma":511,"_wandb":{"runtime":164},"quantile_75":0.013416909612715244,"trace_sigma":0.397533655166626,"diag_var":6.012091944285203e-07,"entropy":5.081584453582764,"_timestamp":1.7462962284140165e+09,"grad_norm":NaN,"condition_sigma":149242.03125,"quantile_50":4.791014362126589e-05,"_runtime":158.21805465,"loss":30.577299118041992,"quantile_25":-0.012639040127396584,"epoch":0,"_step":2}