{"totaltrain":-4.20516711473465,"epochtrain":97,"sum_squared_off_diag":124.59391784667969,"_runtime":8728.889369884,"quantile_75":0.0004431973793543875,"totalval":-4.026222825050354,"_step":1761,"entropy":2.8883447647094727,"trace":7.133183002471924,"diag_var":0.0008693331037648022,"min normalized eigenvalue":-0.00551387807354331,"condition simga":4.040544e+06,"max normalized eigenvalue":0.1450078934431076,"total_acc_traintrain":69.9925,"quantile_25":-0.0005363277159631252,"total_acc_trainval":67.77,"quantile_50":-2.731892527663149e-05,"loss":-4.14530086517334,"rank simga":456,"_wandb":{"runtime":8730},"total_grad_norm_encoder":0.6491878032684326,"epochval":97,"_timestamp":1.745449727223298e+09}