{"trace_b":0.005747973918914795,"sum_squared_off_diag_w":0.00044690188951790333,"std_of_class_mean_norms":0.47897011041641235,"max_diff":4.595518112182617e-05,"_runtime":581.420584661,"mean_of_class_means_norms":0.4765496253967285,"entropy_t":3.0161733627319336,"lda_accuracy":6.18,"max_eigval_norm":0.1829574555158615,"loss":8.602640151977539,"_wandb":{"runtime":599},"loss_train":8.555093553331163,"entropy_b":2.7410290241241455,"entropy_w":3.0165598392486572,"sum_squared_off_diag":0.20619875192642212,"quantile_50":0.0009398873662576079,"distance_of_mean_class_means_origin":0.4750484228134155,"diag_var_b":2.583309105830267e-05,"rank_sigma":128,"complex_count":0,"quantile_75":0.004881941247731447,"sum_squared_off_diag_b":2.6548709683993366e-06,"epoch":6,"condition_sigma":4983.18115234375,"grad_norm":1.0298749208450317,"entropy":3.2290573120117188,"_step":21,"min_eigval_norm":-0.01633458584547043,"epoch_train":5,"trace_sigma":1.523062825202942,"trace_w":0.09453904628753662,"diag_var":2.583309105830267e-05,"diag_var_w":2.583309105830267e-05,"quantile_25":-0.002979293465614319,"_timestamp":1.7478474455029016e+09}