{"loss":0.02928304672241211,"sum_squared_off_diag":0.00029637955594807863,"entropy":2.129181146621704,"total_grad_norm_encoder":1.0861155986785889,"diag_var":2.3281809813369136e-09,"condition simga":2.78009020416e+11,"_runtime":782.496532038,"_timestamp":1.7456135510943747e+09,"max normalized eigenvalue":0.24039261043071747,"_step":143,"rank simga":14,"quantile_50":1.6952238224288152e-12,"quantile_25":-8.94919416349893e-10,"min normalized eigenvalue":-1.3164110690411235e-08,"trace":0.045842353254556656,"quantile_75":8.971277054570237e-10,"_wandb":{"runtime":793}}