{"_step":0,"_timestamp":1.7459730440531871e+09,"quantile_50":-0.00013615803618449718,"epoch":0,"diag_var":3.0058253663867163e-09,"sum_squared_off_diag":0.0004889907431788743,"condition simga":15980.2177734375,"min normalized eigenvalue":-0.007996194995939732,"quantile_75":-7.339076546486467e-05,"max normalized eigenvalue":0.7689464688301086,"entropy":1.6044065952301025,"trace":0.02844548039138317,"_wandb":{"runtime":59},"quantile_25":-0.00028212156030349433,"_runtime":51.01168428,"loss":16383.6923828125,"rank simga":512}