{"loss":16380.9423828125,"entropy":1.8652870655059814,"trace_sigma":1.1717785596847534,"quantile_25":-2.5033386918948963e-05,"loss_val":16380.8896484375,"max_eigval_norm":0.42167022824287415,"quantile_75":3.0840790714137256e-05,"sum_squared_off_diag":0.32671570777893066,"condition_sigma":3.03851325e+06,"_timestamp":1.7460404132765458e+09,"_step":252,"acc_train":12.879283715647164,"epoch_train":5,"_runtime":12034.216252006,"quantile_50":2.2604831428907346e-06,"rank_sigma":273,"min_eigval_norm":-6.703336111968383e-05,"acc_val":6.6739999999999995,"grad_norm":11.907278060913086,"epoch":6,"epoch_val":5,"loss_train":16039.972222222223,"_wandb":{"runtime":12046},"diag_var":1.4549927982443478e-06}