{"quantile_25":-7.844428751013766e-07,"min normalized eigenvalue":-9.065824269782752e-05,"epochtrain":27,"quantile_75":4.262010861566523e-06,"totaltrain":16376.65234375,"total_acc_trainval":15.309308584046372,"total_grad_norm_encoder":2.66586971282959,"sum_squared_off_diag":0.8664522767066956,"diag_var":8.219965093303472e-05,"total_acc_traintrain":15.550101206814592,"epochval":27,"trace":3.2394168376922607,"rank simga":133,"quantile_50":1.7285372022612933e-09,"epoch":28,"entropy":2.8810598850250244,"loss":16376.3095703125,"condition simga":5.036236288e+09,"_runtime":49018.773754518,"_timestamp":1.745767230680349e+09,"_step":3725,"max normalized eigenvalue":0.20888695120811462,"_wandb":{"runtime":49026},"totalval":16376.3994140625}