{"loss":0.14626933634281158,"diag_var":0.009769256226718426,"_timestamp":1.7453970040036669e+09,"min normalized eigenvalue":-1.3417483387456741e-05,"total_acc_traintrain":78.5925,"trace":4.0484514236450195,"totalval":0.151263065636158,"_runtime":7853.808992834,"epochval":499,"quantile_50":0.1057952344417572,"sum_squared_off_diag":0.35679131746292114,"_step":8999,"quantile_25":0.07493983954191208,"_wandb":{"runtime":7854},"total_acc_trainval":75.99000000000001,"max normalized eigenvalue":0.12338460981845856,"rank simga":12,"quantile_75":0.11551178991794586,"condition simga":31995.849609375,"entropy":2.1949596405029297,"totaltrain":0.14637408405542374,"total_grad_norm_encoder":0.059418171644210815,"epochtrain":499}