{"_runtime":288.31954263,"_wandb":{"runtime":313},"_step":5,"grad_norm":NaN,"_timestamp":1.7466668718982294e+09}