{"min_eigval_norm":-0.021075667813420296,"loss_train":0.023778398831685383,"_step":143,"_timestamp":1.7464624638481584e+09,"_wandb":{"runtime":2773},"diag_var":0.00019780625007115304,"epoch_val":49,"quantile_25":-0.004164685495197773,"condition_sigma":481077.0625,"epoch":48,"max_eigval_norm":0.18510708212852478,"loss":0.11032170057296753,"trace_sigma":2.9466283321380615,"_runtime":2772.326652751,"rank_sigma":501,"lda_accuracy":40.31936127744511,"loss_val":0,"entropy":4.471453666687012,"sum_squared_off_diag":26.24248504638672,"acc_train":49.82421875,"epoch_train":49,"quantile_50":-0.0001690313802100718,"acc_val":0,"quantile_75":0.004406325984746218,"grad_norm":1.0013508796691895}