{"_step":74,"acc_val":32.4,"quantile_50":-4.297383384255227e-06,"loss":0.4362570643424988,"_wandb":{"runtime":406},"acc_train":25.407986111111114,"rank_sigma":458,"trace_sigma":0.16275808215141296,"loss_train":0.3687243700027466,"_runtime":401.693222113,"grad_norm":1.7714258432388306,"epoch_train":9,"quantile_25":-0.000144258257932961,"max_eigval_norm":0.4489922523498535,"loss_val":0.6702415943145752,"lda_accuracy":17.4,"entropy":1.6144311428070068,"_timestamp":1.7462233978365042e+09,"min_eigval_norm":-0.008278416469693184,"epoch":10,"diag_var":5.597087238129461e-08,"sum_squared_off_diag":0.008807413280010223,"epoch_val":9,"quantile_75":0.00013775451225228608,"condition_sigma":2.04299975e+06}