{"_timestamp":1.7477770813148124e+09,"sum_squared_off_diag":0.49209272861480713,"diag_var_w":4.757409897138132e-06,"epoch_train":99,"diag_var":4.757409897138132e-06,"quantile_50":-2.2106916730990633e-05,"entropy_w":4.397578716278076,"max_eigval_norm":0.18249718844890594,"quantile_25":-0.0014743246138095856,"rank_sigma":508,"trace_w":0.024541139602661133,"entropy_b":3.117436408996582,"entropy":3.7072176933288574,"grad_norm":0.4887198209762573,"sum_squared_off_diag_w":1.1647888641164172e-05,"quantile_75":0.0014251366956159472,"distance_of_mean_class_means_origin":0.9873464107513428,"entropy_t":4.379274368286133,"epoch":99,"min_eigval_norm":-0.013954462483525276,"diag_var_b":4.757409897138132e-06,"max_diff":1.9073486328125e-06,"mean_of_class_means_norms":0.9878393411636353,"lda_accuracy":17.857142857142858,"std_of_class_mean_norms":0.0007823625928722322,"sum_squared_off_diag_b":1.157832443254847e-07,"_runtime":2066.778150285,"trace_b":0.00095367431640625,"trace_sigma":1.8375359773635864,"_wandb":{"runtime":2067},"loss":0.0318027138710022,"_step":219,"loss_train":0.029064903656641643,"condition_sigma":73079.0546875,"complex_count":0}