{"quantile_75":1.2663694803904946e-07,"_step":157,"acc_val":29.540918163672654,"trace_sigma":0.12438008934259415,"epoch":49,"epoch_val":49,"loss_val":0.63620924949646,"quantile_50":-1.3254831898734665e-08,"_runtime":2732.544382824,"entropy":1.2440580129623413,"sum_squared_off_diag":0.010898899286985397,"lda_accuracy":21.756487025948104,"acc_train":20.950520833333332,"_wandb":{"runtime":2733},"loss":0.8055520057678223,"condition_sigma":1.038016768e+09,"max_eigval_norm":0.6910512447357178,"quantile_25":-2.780674321911647e-06,"min_eigval_norm":-0.1579185128211975,"diag_var":5.51404752968665e-08,"_timestamp":1.746423796365092e+09,"loss_train":0.19254986445109049,"grad_norm":0.7393060326576233,"epoch_train":49,"rank_sigma":59}