{"total_grad_norm_encoder":0.7490639090538025,"total_acc_trainval":42.8,"total_acc_traintrain":43.685,"sum_squared_off_diag":0.029853051528334618,"epochtrain":45,"totalval":-1.049270749092102,"loss":-1.0739095211029053,"_timestamp":1.74528974397704e+09,"max normalized eigenvalue":0.16024380922317505,"quantile_25":-6.323893467197195e-05,"condition simga":171918.96875,"quantile_50":-1.1974287872362765e-07,"min normalized eigenvalue":-0.0009643461089581251,"entropy":2.2458677291870117,"diag_var":1.7899896192830056e-05,"totaltrain":-1.0738724321126938,"epochval":45,"rank simga":125,"_wandb":{"runtime":2049},"_runtime":2047.960589918,"_step":839,"quantile_75":7.130877929739654e-05,"trace":0.5430812835693359}