{"sum_squared_off_diag":25.98031997680664,"epoch_train":6,"lda_accuracy":5.216,"acc_val":20.864427860696516,"epoch":7,"entropy":4.440054893493652,"_runtime":13530.915263198,"quantile_75":0.001243881182745099,"max_eigval_norm":0.05441923439502716,"trace_b":0.020980656147003174,"epoch_val":6,"loss_train":-1.7147791120741103,"acc_train":15.259375,"diag_var":0.001046848832629621,"min_eigval_norm":-0.003890636609867215,"loss_val":-0.700302243232727,"_step":282,"trace_w":0.20461505651474,"sum_squared_off_diag_w":7.477153303625528e-06,"sum_squared_off_diag_b":1.3845096873410512e-05,"quantile_25":-0.0008708389359526336,"condition_sigma":17078.193359375,"trace_sigma":29.441852569580078,"quantile_50":0.0001547792344354093,"_wandb":{"runtime":13551},"loss":-1.7319836616516113,"rank_sigma":511,"_timestamp":1.74666505682365e+09,"grad_norm":3.5163919925689697}