{"max_eigval_norm":0.43881040811538696,"quantile_25":-0.00043975343578495085,"grad_norm":0.5964320302009583,"acc_val":0,"loss":0.4520469903945923,"min_eigval_norm":-0.007692024577409029,"loss_train":0.3648020426432292,"lda_accuracy":33.73253493013972,"_wandb":{"runtime":2392},"epoch_train":49,"trace_sigma":6.818821907043457,"acc_train":48.91447368421053,"condition_sigma":1.0413419375e+06,"entropy":1.9752165079116821,"sum_squared_off_diag":28.949527740478516,"diag_var":0.00018135768186766654,"quantile_75":0.0004044201341457665,"_runtime":2392.414524913,"_timestamp":1.746464896010294e+09,"epoch_val":49,"_step":457,"quantile_50":-2.0757015590788797e-05,"loss_val":0,"rank_sigma":486,"epoch":49}