{"_timestamp":1.746157596316869e+09,"sum_squared_off_diag":0.33729660511016846,"acc_train":29.308908881870565,"min_eigval_norm":-0.00036332427407614887,"quantile_25":-2.502699862816371e-05,"trace_sigma":0.92164146900177,"_wandb":{"runtime":18781},"loss":29.723045349121094,"max_eigval_norm":0.5811306834220886,"epoch":9,"diag_var":1.6262692952295765e-06,"loss_val":28.78545570373535,"lda_accuracy":1.536,"acc_val":4.912,"quantile_75":2.7269910788163543e-05,"condition_sigma":7.3657065e+06,"epoch_val":8,"rank_sigma":179,"entropy":1.317220687866211,"epoch_train":8,"grad_norm":5.072449684143066,"_runtime":18754.849607423,"_step":351,"quantile_50":9.71909798863635e-07,"loss_train":29.10094536675347}