{"rank simga":52,"trace":3.2671425342559814,"quantile_50":9.16815849905106e-08,"sum_squared_off_diag":10.817278861999512,"_step":178,"totaltrain":0.005443156405817717,"quantile_25":-9.364182005811017e-06,"total_acc_traintrain":15.790000000000001,"min normalized eigenvalue":-8.083591819740832e-05,"condition simga":8.0489984e+07,"_wandb":{"runtime":124},"loss":0.005471051670610905,"quantile_75":1.147104921983555e-05,"entropy":0.013504765927791595,"epochval":8,"diag_var":0.0009477753774262965,"epochtrain":9,"total_acc_trainval":14.91,"total_grad_norm_encoder":0.012317280285060406,"max normalized eigenvalue":0.999961256980896,"_timestamp":1.7453567305918927e+09,"totalval":0.005270781693980098,"_runtime":122.244811546}