{"quantile_50":0.12448783963918686,"quantile_75":0.12756258249282837,"totalval":0.06569348275661469,"epochval":402,"_runtime":4966.591919279,"total_grad_norm_encoder":0.05634155869483948,"entropy":2.0778465270996094,"_wandb":{"runtime":4968},"min normalized eigenvalue":6.761525582987815e-06,"condition simga":20264.54296875,"max normalized eigenvalue":0.13701313734054565,"epochtrain":403,"sum_squared_off_diag":0.1902463734149933,"loss":0.06061609461903572,"trace":3.8827590942382812,"quantile_25":0.11735641211271286,"_step":7270,"_timestamp":1.745433576704547e+09,"rank simga":9,"totaltrain":0.06058097677305341,"diag_var":0.0032156025990843773,"total_acc_traintrain":74.6775,"total_acc_trainval":72.44}