{"loss":-3.767638921737671,"min_eigval_norm":-0.000302839936921373,"trace_sigma":34.00408935546875,"sum_squared_off_diag":1445.389892578125,"sum_squared_off_diag_b":0.0035474258475005627,"distance_of_mean_class_means_origin":0.3195309638977051,"diag_var_w":0.027157876640558243,"lda_accuracy":65.67460317460318,"_timestamp":1.7477948503729844e+09,"grad_norm":20.294736862182617,"entropy_t":4.8696441650390625,"entropy_w":5.16279935836792,"trace_w":0.7529255151748657,"quantile_75":8.083517604973167e-05,"max_diff":0.00017595291137695312,"loss_train":-2.4693427085876465,"trace_b":0.15653884410858154,"complex_count":266,"sum_squared_off_diag_w":0.0037924908101558685,"quantile_25":-6.064727494958788e-05,"diag_var":0.027157876640558243,"_step":564,"quantile_50":4.885767339146696e-06,"std_of_class_mean_norms":0.11656993627548218,"condition_sigma":2.54148048e+08,"mean_of_class_means_norms":0.49643364548683167,"entropy":2.1713459491729736,"max_eigval_norm":0.23060965538024902,"_wandb":{"runtime":5143},"_runtime":5139.934552154,"epoch":256,"epoch_train":255,"entropy_b":1.9448970556259155,"diag_var_b":0.027157876640558243,"rank_sigma":262}