{"grad_norm":126.14460754394531,"max_diff":0.00032979249954223633,"_wandb":{"runtime":12579},"diag_var_w":0.011566090397536755,"quantile_25":-0.00013772243983112276,"diag_var":0.011566090397536755,"trace_b":0.09945076704025269,"entropy_w":5.64916467666626,"sum_squared_off_diag_w":0.002872721990570426,"quantile_75":0.00016378681175410748,"std_of_class_mean_norms":0.0628039613366127,"trace_w":0.8303587436676025,"epoch":49,"entropy":4.271247386932373,"min_eigval_norm":-0.015077940188348293,"epoch_train":49,"trace_sigma":31.03510284423828,"sum_squared_off_diag":17.302841186523438,"max_eigval_norm":0.06068916991353035,"mean_of_class_means_norms":0.4225839376449585,"sum_squared_off_diag_b":0.00027733706519939005,"complex_count":0,"entropy_b":3.8642406463623047,"loss":97.0223159790039,"_timestamp":1.747376270159043e+09,"condition_sigma":173644.84375,"entropy_t":5.580493927001953,"diag_var_b":0.011566090397536755,"_step":109,"quantile_50":3.762905180337839e-06,"loss_train":85.91240234375,"_runtime":12578.709911232,"distance_of_mean_class_means_origin":0.2880927324295044,"lda_accuracy":30.819999999999997,"rank_sigma":504}