{"epoch":49,"entropy_t":3.8240623474121094,"max_diff":0.0003336668014526367,"entropy":5.1518940925598145,"sum_squared_off_diag":1.8680893182754517,"diag_var_w":4.7898687626002356e-05,"rank_sigma":507,"grad_norm":1.1483999490737915,"min_eigval_norm":-0.021285375580191612,"condition_sigma":123865.6171875,"loss":-1.5296974182128906,"trace_b":0.033003389835357666,"distance_of_mean_class_means_origin":0.39316725730895996,"mean_of_class_means_norms":0.430533766746521,"entropy_b":2.9598841667175293,"max_eigval_norm":0.09340362250804901,"_runtime":11425.46629184,"lda_accuracy":5.92,"quantile_25":-0.0029383960645645857,"quantile_50":0.0009183164220303297,"_step":109,"_timestamp":1.747201443124014e+09,"diag_var_b":4.7898687626002356e-05,"std_of_class_mean_norms":0.048123035579919815,"trace_w":0.8254349231719971,"trace_sigma":2.7144060134887695,"entropy_w":3.843776226043701,"quantile_75":0.005288140382617712,"sum_squared_off_diag_w":0.01668117754161358,"loss_train":-1.3516611099243163,"epoch_train":49,"complex_count":6,"diag_var":4.7898687626002356e-05,"_wandb":{"runtime":11426},"sum_squared_off_diag_b":0.00011548388283699751}