{"condition simga":1.11821728e+08,"_timestamp":1.7453561346941843e+09,"totalval":1.3358836770057678,"_runtime":4663.977803025,"max normalized eigenvalue":0.13038569688796997,"min normalized eigenvalue":-1.902569601952564e-05,"diag_var":0.0005000019446015358,"trace":4.920121669769287,"quantile_75":7.662130883545615e-06,"total_grad_norm_encoder":0.12242384254932404,"totaltrain":1.3335805237293243,"_step":6757,"total_acc_traintrain":60.4975,"epochval":374,"entropy":2.193892478942871,"quantile_25":-4.899345640296815e-06,"epochtrain":374,"loss":1.3348338603973389,"total_acc_trainval":58.75,"rank simga":105,"_wandb":{"runtime":4665},"sum_squared_off_diag":2.4828085899353027,"quantile_50":9.010046255752968e-07}