{"_step":20,"trace_b":0.005111396312713623,"diag_var":0.009262525476515293,"rank_sigma":509,"epoch":0,"_timestamp":1.746651431746184e+09,"sum_squared_off_diag_b":2.005462556553539e-05,"condition_sigma":91363.6171875,"min_eigval_norm":-0.4190163016319275,"entropy":5.089014053344727,"quantile_25":-0.0063685267232358456,"quantile_75":0.00867660902440548,"trace_sigma":30.71372413635254,"quantile_50":-0.00011364548117853701,"grad_norm":2.397454261779785,"max_eigval_norm":0.18625502288341522,"_wandb":{"runtime":1100},"sum_squared_off_diag":352.6669921875,"trace_w":0.20334267616271973,"sum_squared_off_diag_w":0.023553526028990746,"loss":-0.6221790909767151,"_runtime":1037.828153153}