{"total_grad_norm_encoder":0.028172411024570465,"max normalized eigenvalue":0.13565964996814728,"rank simga":9,"total_acc_traintrain":58.220000000000006,"trace":6.428430080413818,"diag_var":0.014603709802031517,"_step":8211,"quantile_50":0.1251804083585739,"total_acc_trainval":51.55,"_wandb":{"runtime":5653},"min normalized eigenvalue":1.0329050383006688e-05,"condition simga":13738.18359375,"quantile_25":0.1205425038933754,"sum_squared_off_diag":0.5310512781143188,"_runtime":5651.970090503,"totalval":-1.0321913361549377,"loss":-1.038031816482544,"entropy":2.077899217605591,"quantile_75":0.12767243385314941,"totaltrain":-1.0374995917081833,"_timestamp":1.7454383958642948e+09,"epochval":455,"epochtrain":455}