{"entropy":2.036823034286499,"_runtime":184.189096007,"epoch_train":11,"quantile_75":0.00012110448733437806,"complex_count":0,"rank_sigma":121,"std_of_class_mean_norms":0.042102597653865814,"_timestamp":1.747868458118618e+09,"min_eigval_norm":-0.2955160140991211,"quantile_50":-7.464120699296473e-08,"entropy_b":1.7364190816879272,"entropy_w":3.4647951126098633,"_step":27,"diag_var_w":0.005561028141528368,"trace_sigma":7.228252410888672,"mean_of_class_means_norms":0.004188077058643103,"sum_squared_off_diag_b":0.0016065970994532108,"loss":-1.7917797565460205,"diag_var":0.005561028141528368,"epoch":12,"loss_train":-1.6137514114379883,"trace_b":0.08564203977584839,"distance_of_mean_class_means_origin":0.003052560845389962,"max_diff":0.00045037269592285156,"sum_squared_off_diag_w":0.0342629998922348,"quantile_25":-0.00011749905388569459,"trace_w":0.8474397659301758,"max_eigval_norm":0.5566281676292419,"grad_norm":4.5156755447387695,"_wandb":{"runtime":190},"lda_accuracy":23.809523809523807,"entropy_t":3.426950216293335,"sum_squared_off_diag":40.328834533691406,"diag_var_b":0.005561028141528368,"condition_sigma":319910.5625}