{"quantile_50":-2.670680032679229e-07,"acc_val":3.562,"_timestamp":1.7460573890430794e+09,"grad_norm":2.1843738555908203,"trace_sigma":0.7888749241828918,"rank_sigma":70,"epoch_val":0,"quantile_75":1.187227667287516e-06,"epoch_train":0,"_step":37,"_wandb":{"runtime":1733},"diag_var":1.027939333653194e-06,"sum_squared_off_diag":0.11051557213068008,"loss":29.582576751708984,"acc_train":4.243458416445035,"quantile_25":-1.4044762792764232e-06,"min_eigval_norm":-0.0003367399622220546,"max_eigval_norm":0.27806663513183594,"loss_train":30.351053873697918,"_runtime":1733.483091701,"condition_sigma":2.19387792e+08,"loss_val":29.809247970581055,"epoch":0,"entropy":1.9474424123764038}