{"quantile_75":0.11429929733276367,"sum_squared_off_diag":13.630945205688477,"quantile_50":0.044242795556783676,"total_grad_norm_encoder":1.4254181385040283,"quantile_25":0.017812658101320267,"total_acc_trainval":52.82,"entropy":1.4202961921691895,"diag_var":0.4722444415092468,"epochval":9,"condition simga":18639.958984375,"_step":179,"_timestamp":1.7454323645306406e+09,"_runtime":124.00368284,"max normalized eigenvalue":0.5112122893333435,"_wandb":{"runtime":131},"total_acc_traintrain":53.654999999999994,"totalval":1.1274932026863098,"trace":6.625469207763672,"loss":0.9482423663139343,"epochtrain":9,"min normalized eigenvalue":3.6842866393271834e-05,"rank simga":9,"totaltrain":0.9767543226480484}