{"loss_train":16037.840277777777,"epoch_train":19,"diag_var":5.916393092775252e-06,"max_eigval_norm":0.3348793685436249,"_step":759,"condition_sigma":1.9606608e+07,"loss_val":16379.560546875,"_runtime":35609.693898188,"quantile_25":-1.7157341062556952e-05,"quantile_75":2.2963708033785224e-05,"trace_sigma":2.06672739982605,"entropy":2.217888116836548,"rank_sigma":252,"_timestamp":1.7460263957682984e+09,"epoch_val":19,"min_eigval_norm":-4.784811244462617e-05,"quantile_50":2.450469310133485e-06,"grad_norm":22.87601089477539,"_wandb":{"runtime":35610},"loss":16378.9921875,"sum_squared_off_diag":0.7318100929260254,"acc_val":6.176,"epoch":19,"acc_train":3.4659311281028367}