{"total_grad_norm_encoder":0.054471705108881,"loss":-1.8506953716278076,"rank simga":128,"quantile_25":0.002395562594756484,"epochval":4999,"quantile_50":0.004589509218931198,"_wandb":{"runtime":59128},"condition simga":1770.2677001953125,"diag_var":7.084696292877197,"total_acc_trainval":28.910000000000004,"max normalized eigenvalue":0.08967597782611847,"epochtrain":4999,"_step":89851,"_timestamp":1.74514734569537e+09,"total_acc_traintrain":30.832500000000003,"sum_squared_off_diag":0.525547206401825,"trace":230.96490478515625,"quantile_75":0.007312223315238953,"totalval":-1.8471463918685913,"entropy":4.253347873687744,"_runtime":59128.550895804,"min normalized eigenvalue":5.0656737585086375e-05,"totaltrain":-1.85049869120121}