{"sum_squared_off_diag_b":0.0004032794968225062,"loss_val":0,"quantile_75":0.004906236659735441,"acc_train":25.668339416058394,"max_eigval_norm":0.14082230627536774,"lda_accuracy":2.466,"epoch_val":0,"grad_norm":1.1646414995193481,"trace_sigma":2.324699878692627,"loss":-0.3660913109779358,"sum_squared_off_diag":1.1013511419296265,"acc_val":0,"sum_squared_off_diag_w":0.011002921499311924,"diag_var":1.0589971680019516e-05,"_runtime":2043.868948581,"trace_b":0.04863274097442627,"loss_train":0.23899957868787977,"_step":38,"quantile_50":0.0002873171179089695,"epoch_train":0,"_wandb":{"runtime":2044},"entropy":4.814380168914795,"rank_sigma":511,"trace_w":0.8915567398071289,"quantile_25":-0.004051018971949816,"condition_sigma":250705.484375,"_timestamp":1.7466412232581675e+09,"min_eigval_norm":-0.011886549182236195,"epoch":0}