{"total_acc_trainval":92.25,"min normalized eigenvalue":-1.2140507351432461e-05,"totalval":-2.711180090904236,"quantile_75":3.5309872146171983e-06,"_timestamp":1.7455011461229594e+09,"_step":8073,"diag_var":113.87332153320312,"_wandb":{"runtime":51386},"total_grad_norm_encoder":6.370811939239502,"totaltrain":-4.470142304897308,"quantile_50":2.5917096024841157e-08,"rank simga":22,"loss":-4.526808261871338,"entropy":2.029770851135254,"_runtime":51386.833047007,"quantile_25":-3.1314448278862983e-06,"max normalized eigenvalue":0.17443332076072693,"epochval":499,"sum_squared_off_diag":4.37807e+06,"trace":5173.78466796875,"condition simga":1.4689939e+07,"epochtrain":499,"total_acc_traintrain":97.44}