{"epochval":499,"_timestamp":1.7453768226480722e+09,"_step":6873,"totaltrain":0.9841161568959554,"max normalized eigenvalue":0.13544952869415283,"loss":0.9875096082687378,"entropy":2.192845344543457,"total_acc_traintrain":73.65,"diag_var":0.0010444724466651678,"quantile_50":2.490378392394632e-06,"quantile_25":-5.607718321698485e-06,"_runtime":8168.964805667,"totalval":0.9886122643947601,"min normalized eigenvalue":-1.9195340428268537e-05,"quantile_75":1.1922014891752042e-05,"sum_squared_off_diag":2.0267350673675537,"_wandb":{"runtime":8168},"total_grad_norm_encoder":0.08627341687679291,"epochtrain":499,"rank simga":60,"trace":4.643805980682373,"condition simga":716965.4375,"total_acc_trainval":71.48}