{"rank_sigma":511,"trace_w":0.44516563415527344,"trace_sigma":4.701208114624023,"_timestamp":1.7466690903028183e+09,"quantile_50":0.0006739674136042595,"min_eigval_norm":-0.020413953810930252,"quantile_25":-0.008347908034920692,"max_eigval_norm":0.1269221156835556,"_wandb":{"runtime":1594},"_step":7,"diag_var":7.58787791710347e-05,"entropy":5.239208698272705,"sum_squared_off_diag_w":0.009575187228620052,"condition_sigma":137827.6875,"loss":-0.3986247181892395,"_runtime":1576.139785632,"grad_norm":1.898503065109253,"complex_count":2,"epoch":0,"sum_squared_off_diag":9.546175003051758,"trace_b":0.054495155811309814,"sum_squared_off_diag_b":0.0006810022750869393,"quantile_75":0.010529719293117523}