{"condition simga":Infinity,"min normalized eigenvalue":-0.0005822965176776052,"total_acc_traintrain":19.221148390658303,"_step":7089,"sum_squared_off_diag":0.04990095645189285,"total_grad_norm_encoder":1.0324457883834839,"totaltrain":16379.958823529412,"epoch":6,"entropy":2.337475299835205,"loss":16381.8203125,"max normalized eigenvalue":0.33826833963394165,"quantile_25":-1.1966473145719192e-08,"_timestamp":1.745711877943879e+09,"totalval":16381.044956140351,"total_acc_trainval":10.418679271322109,"epochtrain":5,"quantile_50":1.0172581665912617e-09,"_runtime":17519.659050032,"_wandb":{"runtime":17524},"diag_var":1.9953942683059722e-05,"trace":0.6249687671661377,"epochval":5,"quantile_75":2.3386535374925188e-08,"rank simga":33}