{"diag_var":1.9620365776518156e-08,"loss_val":31.238101959228516,"acc_val":3.4515380859375,"quantile_50":-1.6120302461786196e-06,"trace_sigma":0.05366804450750351,"max_eigval_norm":0.4089950621128082,"min_eigval_norm":-0.0005289154360070825,"epoch":0,"_timestamp":1.7460494892913105e+09,"loss_train":31.653945922851562,"entropy":1.7254283428192139,"quantile_75":1.8443553926772438e-05,"_wandb":{"runtime":521},"acc_train":5.560302734375,"epoch_train":0,"rank_sigma":227,"sum_squared_off_diag":0.0007806429639458656,"epoch_val":0,"_runtime":148.59286183,"grad_norm":NaN,"quantile_25":-2.0531453628791496e-05,"loss":31.24972915649414,"_step":2,"condition_sigma":5.63762112e+08}