{"epochval":44,"rank simga":411,"trace":181.88523864746094,"total_grad_norm_encoder":2.8255908489227295,"epochtrain":44,"min normalized eigenvalue":-0.00037669233279302716,"_runtime":5918.199703113,"quantile_50":-6.773647328373045e-06,"_step":809,"diag_var":0.2263302505016327,"entropy":2.160086154937744,"loss":-3.1166625022888184,"max normalized eigenvalue":0.20552772283554077,"condition simga":1.71810925e+06,"quantile_25":-7.419392932206392e-05,"_wandb":{"runtime":5925},"_timestamp":1.745449722740854e+09,"quantile_75":6.07720430707559e-05,"total_acc_trainval":88.56,"total_acc_traintrain":96.38,"totalval":-2.5119669437408447,"sum_squared_off_diag":19391.50390625,"totaltrain":-3.1050623655319214}