{"quantile_75":1.2651431461563334e-05,"sum_squared_off_diag":2.3458809852600098,"entropy":2.19387149810791,"epochtrain":338,"quantile_25":-4.905865807813825e-06,"loss":0.9865654110908508,"quantile_50":2.436463546473533e-06,"total_acc_traintrain":72.57000000000001,"epochval":338,"totaltrain":0.984046628077825,"condition simga":378706.34375,"total_acc_trainval":70.35,"total_grad_norm_encoder":0.10595343261957169,"_step":4619,"max normalized eigenvalue":0.13026027381420135,"rank simga":59,"min normalized eigenvalue":-2.1839628971065395e-05,"_wandb":{"runtime":5465},"_runtime":5460.821755117,"trace":5.0260329246521,"diag_var":0.0016066074604168534,"_timestamp":1.7453873659436612e+09,"totalval":0.9924294352531433}