{"distance_of_mean_class_means_origin":0.34075090289115906,"sum_squared_off_diag":25.05698013305664,"epoch":49,"diag_var_w":0.009067198261618614,"entropy":4.280120849609375,"entropy_b":3.7781808376312256,"_wandb":{"runtime":12455},"std_of_class_mean_norms":0.05536819249391556,"grad_norm":123.9398193359375,"lda_accuracy":31.580000000000002,"mean_of_class_means_norms":0.47304126620292664,"loss":97.24724578857422,"_timestamp":1.7476122165282364e+09,"trace_w":0.7856335639953613,"sum_squared_off_diag_w":0.0031404122710227966,"diag_var_b":0.009067198261618614,"_step":109,"condition_sigma":516533,"trace_b":0.1106729507446289,"_runtime":12455.336766053,"quantile_75":0.0001763763721100986,"entropy_w":5.591817855834961,"min_eigval_norm":-0.00031262554693967104,"sum_squared_off_diag_b":0.0004547934513539076,"rank_sigma":491,"complex_count":2,"diag_var":0.009067198261618614,"entropy_t":5.496436595916748,"quantile_25":-6.150313129182905e-05,"epoch_train":49,"loss_train":86.457470703125,"max_eigval_norm":0.0550832562148571,"quantile_50":3.242519960622303e-05,"max_diff":8.374452590942383e-05,"trace_sigma":30.649473190307617}