{"condition simga":6.025179e+06,"sum_squared_off_diag":2.0925071239471436,"totalval":-0.9166200160980225,"max normalized eigenvalue":0.1694345921278,"diag_var":0.0002457672089803964,"epochval":42,"entropy":2.1248340606689453,"loss":-0.9579591751098633,"quantile_25":-0.00013078289339318871,"totaltrain":-0.950091615319252,"rank simga":124,"quantile_50":1.1850426744786091e-05,"_timestamp":1.7453463382302632e+09,"_wandb":{"runtime":567},"min normalized eigenvalue":-0.0005124781164340675,"total_acc_trainval":21.39,"trace":3.9032506942749023,"total_grad_norm_encoder":0.8156017065048218,"total_acc_traintrain":33.8425,"_runtime":566.284350416,"quantile_75":0.00019615996279753745,"_step":766,"epochtrain":42}