{"condition simga":37271.26171875,"max normalized eigenvalue":0.12479161471128464,"quantile_25":0.07230225205421448,"diag_var":0.007504505105316639,"total_acc_traintrain":78.0725,"totalval":0.152582548558712,"_step":8836,"entropy":2.1941089630126953,"epochval":489,"sum_squared_off_diag":0.36430826783180237,"total_acc_trainval":74.75,"loss":0.1470542997121811,"epochtrain":490,"rank simga":12,"min normalized eigenvalue":-7.6139117481943686e-06,"totaltrain":0.14633293636143208,"_runtime":6888.394571557,"total_grad_norm_encoder":0.06369924545288086,"trace":3.957822799682617,"quantile_75":0.11596126854419708,"quantile_50":0.10636981576681137,"_wandb":{"runtime":6891},"_timestamp":1.7454324914885159e+09}