{"epoch":0,"condition simga":29403.826171875,"max normalized eigenvalue":0.7944540977478027,"_timestamp":1.7459077070516038e+09,"trace":0.026989582926034927,"entropy":1.3773854970932007,"rank simga":435,"_step":111,"diag_var":2.9653011157648734e-09,"quantile_75":-5.531799979507923e-05,"quantile_50":-0.0001051654398906976,"loss":16383.7236328125,"_wandb":{"runtime":1033},"sum_squared_off_diag":0.00046854279935359955,"min normalized eigenvalue":-0.009942916221916676,"total_grad_norm_encoder":0,"quantile_25":-0.00022995847393758595,"_runtime":1024.970173615}