{"_runtime":91.593934561,"rank_sigma":511,"entropy_t":3.0550200939178467,"sum_squared_off_diag_b":1.5311075912904926e-05,"epoch":0,"entropy_w":3.1180968284606934,"max_eigval_norm":0.10991767048835754,"min_eigval_norm":-0.030952520668506622,"quantile_50":0.000857667881064117,"diag_var_w":4.530706519290106e-06,"trace_b":0.0052163004875183105,"quantile_25":-0.004392555449157953,"_step":0,"sum_squared_off_diag":0.855954110622406,"entropy":5.160185813903809,"mean_of_class_means_norms":0.9505898356437683,"condition_sigma":149661.9375,"_wandb":{"runtime":91},"max_diff":1.2993812561035156e-05,"diag_var_b":4.530706519290106e-06,"distance_of_mean_class_means_origin":0.9478147625923157,"quantile_75":0.006712259724736214,"trace_sigma":1.892336368560791,"complex_count":0,"trace_w":0.09786522388458252,"sum_squared_off_diag_w":0.002429140266031027,"diag_var":4.530706519290106e-06,"entropy_b":2.0625438690185547,"loss":0.8127999305725098,"std_of_class_mean_norms":0.00826211180537939,"_timestamp":1.7473249788188226e+09}