{"trace":0.030986294150352478,"loss":16383.662109375,"_timestamp":1.7459064381900382e+09,"_step":1,"quantile_75":-0.00010114052565768361,"diag_var":3.385900670949127e-09,"epoch":0,"quantile_50":-0.00020305096404626966,"quantile_25":-0.00043028147774748504,"condition simga":9615.2998046875,"rank simga":512,"entropy":1.9030555486679077,"_wandb":{"runtime":87},"total_grad_norm_encoder":0,"min normalized eigenvalue":-0.007318610325455666,"max normalized eigenvalue":0.7484584450721741,"sum_squared_off_diag":0.0005525434971787035,"_runtime":59.933554164}