{"epochtrain":109,"quantile_25":-0.00010459584882482886,"min normalized eigenvalue":-0.0004767942300532013,"_runtime":4000.764633582,"_step":1981,"sum_squared_off_diag":8336.3486328125,"max normalized eigenvalue":0.22527359426021576,"total_acc_trainval":89.84,"diag_var":0.03991091996431351,"totaltrain":0.01746272388845682,"total_acc_traintrain":99.685,"rank simga":411,"quantile_75":0.00011114338849438354,"loss":0.01942659541964531,"condition simga":3.61700825e+06,"_timestamp":1.7454425293072784e+09,"totalval":0.634870857000351,"trace":92.02430725097656,"total_grad_norm_encoder":0.5122405290603638,"epochval":109,"_wandb":{"runtime":4032},"quantile_50":1.6896610759431496e-06,"entropy":2.3442294597625732}