{"diag_var":0.0009881207952275872,"_wandb":{"runtime":5162},"max normalized eigenvalue":0.12501366436481476,"sum_squared_off_diag":1.5794470310211182,"totaltrain":0.9840479493141174,"entropy":2.1970348358154297,"total_grad_norm_encoder":0.07981554418802261,"quantile_75":1.234235787705984e-05,"_timestamp":1.7453867405434384e+09,"min normalized eigenvalue":-2.0582032448146492e-05,"totalval":0.9922874569892883,"epochval":324,"quantile_50":2.454563400533516e-06,"trace":4.132922649383545,"loss":0.9833440780639648,"_step":4431,"total_acc_trainval":70.67,"rank simga":60,"quantile_25":-4.855095994571457e-06,"total_acc_traintrain":73.13,"epochtrain":324,"_runtime":5161.415796791,"condition simga":813020.875}