{"sum_squared_off_diag_w":0.0034189578145742416,"diag_var_b":0.0091634476557374,"epoch_train":49,"epoch":49,"_step":109,"diag_var":0.0091634476557374,"distance_of_mean_class_means_origin":0.3314025104045868,"entropy_w":5.598927974700928,"_runtime":12440.666888343,"sum_squared_off_diag":21.14757537841797,"quantile_75":0.0002194161934312433,"lda_accuracy":28.08,"rank_sigma":490,"std_of_class_mean_norms":0.05251685157418251,"loss":100.54249572753906,"trace_b":0.0918959379196167,"trace_sigma":26.931434631347656,"max_eigval_norm":0.05524591729044914,"complex_count":2,"loss_train":88.3678955078125,"_wandb":{"runtime":12440},"max_diff":0.00011962652206420898,"quantile_50":3.640145587269217e-05,"grad_norm":136.7848663330078,"condition_sigma":387551.875,"entropy":4.317539215087891,"sum_squared_off_diag_b":0.000343815831001848,"entropy_b":3.7376670837402344,"mean_of_class_means_norms":0.44611066579818726,"entropy_t":5.52332878112793,"trace_w":0.8111002445220947,"quantile_25":-6.864269380457699e-05,"min_eigval_norm":-0.0004721945442724973,"diag_var_w":0.0091634476557374,"_timestamp":1.7474315195223496e+09}