{"diag_var":9.093098469747929e-07,"quantile_75":6.7738283178186975e-06,"sum_squared_off_diag":0.003045593621209264,"_timestamp":1.745000703828676e+09,"entropy":2.1544456481933594,"total_acc_traintrain":30.005,"quantile_25":-4.381659437058261e-06,"_step":1105,"total_acc_trainval":29.86,"_wandb":{"runtime":697},"max normalized eigenvalue":0.169179305434227,"loss":-1.0516765117645264,"total_grad_norm_encoder":0.3583279252052307,"totaltrain":-1.0543319582939148,"totalval":-1.042921006679535,"condition simga":1.328458625e+06,"_runtime":696.261458501,"min normalized eigenvalue":-1.7833615856943652e-05,"epochval":60,"epochtrain":60,"rank simga":95,"quantile_50":9.083682925847825e-07,"trace":0.16634881496429443}