{"_runtime":5583.120513006,"diag_var":1.461779220335302e-06,"quantile_50":1.1593451532121435e-08,"min normalized eigenvalue":-0.0009569835383445024,"_step":465,"_timestamp":1.745717850862938e+09,"totaltrain":16381.0390625,"total_acc_traintrain":6.596652507935534,"loss":16380.6767578125,"epochval":2,"total_acc_trainval":7.530879105713498,"rank simga":98,"sum_squared_off_diag":0.2109725922346115,"quantile_25":-2.258383574371692e-06,"_wandb":{"runtime":5588},"quantile_75":3.769816885323962e-06,"entropy":2.327497720718384,"totalval":16380.001953125,"trace":1.1890690326690674,"total_grad_norm_encoder":14.891669273376465,"epoch":3,"epochtrain":2,"condition simga":1.45593152e+08,"max normalized eigenvalue":0.30549997091293335}