{"_runtime":38.130873886,"_step":0,"_wandb":{"runtime":45},"epoch_train":0,"loss_train":0,"acc_train":0,"_timestamp":1.746241809805163e+09}