{"_runtime":905.436077677,"grad_norm":0.7662591338157654,"trace_sigma":247.09518432617188,"acc_train":30.58159722222222,"diag_var":0.21657870709896088,"loss_train":-0.460917329788208,"_step":163,"epoch_train":22,"quantile_50":4.619722204779464e-08,"loss_val":0,"epoch":22,"loss":-0.5198872089385986,"min_eigval_norm":-0.00013053287693765014,"sum_squared_off_diag":21303.705078125,"rank_sigma":176,"acc_val":0,"entropy":1.1285203695297241,"condition_sigma":1.60100592e+08,"_timestamp":1.7463209264445982e+09,"_wandb":{"runtime":907},"quantile_25":-1.7731425032252446e-05,"lda_accuracy":32.800000000000004,"max_eigval_norm":0.419533908367157,"epoch_val":21,"quantile_75":1.7835867765825242e-05}