{"loss_train":-0.20396871566772462,"_timestamp":1.7463004092202935e+09,"min_eigval_norm":-0.001964080845937133,"epoch_train":49,"_wandb":{"runtime":1956},"quantile_25":-8.555091335438192e-05,"quantile_75":6.600788765354082e-05,"max_eigval_norm":0.20239317417144775,"condition_sigma":770267.4375,"acc_val":0,"entropy":2.156944513320923,"rank_sigma":467,"grad_norm":4.8827033042907715,"quantile_50":-9.364750439999625e-06,"trace_sigma":49.13087463378906,"epoch":49,"_step":352,"epoch_val":49,"sum_squared_off_diag":401.10955810546875,"_runtime":1955.514749971,"loss":-0.2996762990951538,"lda_accuracy":63.4,"loss_val":0,"acc_train":56.56250000000001,"diag_var":0.004320894833654165}