{"mean_of_class_means_norms":0.4095420837402344,"epoch_train":275,"complex_count":128,"_wandb":{"runtime":7548},"loss_train":-0.16653106609980264,"quantile_75":0.00020988122560083866,"diag_var_b":0.00035230795037932694,"trace_b":0.034897685050964355,"grad_norm":0.5100690722465515,"max_diff":0.0002319812774658203,"rank_sigma":384,"_timestamp":1.7478405796902845e+09,"trace_w":0.7764424681663513,"entropy_b":1.580954670906067,"entropy":2.470700263977051,"sum_squared_off_diag_b":0.000442983815446496,"std_of_class_mean_norms":0.12066539376974106,"distance_of_mean_class_means_origin":0.3819813132286072,"max_eigval_norm":0.15586216747760773,"epoch":275,"condition_sigma":2.0479818e+07,"sum_squared_off_diag_w":0.00698172627016902,"entropy_t":4.933713436126709,"_step":606,"min_eigval_norm":-0.0008842074894346297,"lda_accuracy":35.51587301587302,"trace_sigma":9.161909103393555,"quantile_25":-0.0001661956775933504,"loss":-0.20794779062271118,"quantile_50":2.9738405373791466e-06,"diag_var":0.00035230795037932694,"entropy_w":4.993160247802734,"_runtime":5001.413247743,"diag_var_w":0.00035230795037932694,"sum_squared_off_diag":62.68367385864258}