{"diag_var":3.1775486686314025e-09,"quantile_50":-0.00024868937907740474,"_timestamp":1.7459043255783706e+09,"max normalized eigenvalue":0.8169741034507751,"total_grad_norm_encoder":0,"rank simga":507,"entropy":1.7749438285827637,"condition simga":17976.751953125,"epochtrain":0,"_step":18,"trace":0.02719978243112564,"_runtime":129.794779487,"sum_squared_off_diag":0.0005071355262771249,"quantile_75":-0.00011073338828282431,"total_acc_traintrain":10.560763888888888,"_wandb":{"runtime":130},"quantile_25":-0.0005779716884717345,"totaltrain":16383.720486111111,"loss":16383.7568359375,"min normalized eigenvalue":-0.020126676186919212,"epoch":0}