{"loss":-0.6399270296096802,"quantile_25":-0.00012830964988097548,"condition_sigma":9.352033e+06,"min_eigval_norm":-0.004069468006491661,"grad_norm":1.2867292165756226,"trace_sigma":139.3939971923828,"acc_train":56.875,"rank_sigma":202,"_runtime":1956.781830258,"epoch":49,"loss_train":-0.27218265533447267,"_wandb":{"runtime":1957},"max_eigval_norm":0.29591259360313416,"quantile_50":-2.6446341507835314e-05,"lda_accuracy":64.4,"epoch_train":49,"quantile_75":4.692841685027815e-06,"_step":357,"_timestamp":1.746312831690337e+09,"diag_var":0.11653264611959457,"sum_squared_off_diag":3470.74072265625,"acc_val":68.8,"loss_val":-0.5248421430587769,"epoch_val":49,"entropy":1.9119654893875122}