{"trace":0.015138381160795689,"quantile_25":-0.009421282447874546,"min normalized eigenvalue":-0.2773934304714203,"quantile_75":0.008185578510165215,"diag_var":6.486083066192805e-07,"_step":223,"entropy":2.661067247390747,"condition simga":77239.4765625,"totaltrain":0.006934019591426477,"epochval":11,"epochtrain":11,"quantile_50":-0.0006223154487088323,"totalval":0.0011189407669007778,"_wandb":{"runtime":170},"_runtime":168.994866909,"total_acc_traintrain":13.075000000000001,"total_grad_norm_encoder":0.590461254119873,"_timestamp":1.7452740124234855e+09,"loss":0.015138381160795689,"sum_squared_off_diag":0.00825522281229496,"max normalized eigenvalue":0.9009948968887329,"rank simga":127,"total_acc_trainval":13.089999999999998}