{"grad_norm":0.3147874176502228,"trace_sigma":4.797036647796631,"max_diff":0.00015604496002197266,"mean_of_class_means_norms":0.6076775193214417,"entropy_b":1.9002819061279297,"_runtime":3671.237177563,"sum_squared_off_diag_w":0.020923549309372902,"diag_var_w":0.0001310567167820409,"condition_sigma":1.6138035e+06,"sum_squared_off_diag":19.324827194213867,"_step":344,"loss":-0.1095537543296814,"entropy":2.9285354614257812,"min_eigval_norm":-0.002013090066611767,"quantile_25":-0.0004658428661059588,"entropy_w":4.05064058303833,"quantile_50":4.120602170587517e-06,"entropy_t":4.03268575668335,"lda_accuracy":23.809523809523807,"complex_count":24,"loss_train":-0.07558972636858623,"quantile_75":0.0005249265814200044,"trace_w":0.637978196144104,"diag_var":0.0001310567167820409,"distance_of_mean_class_means_origin":0.594998300075531,"max_eigval_norm":0.15221723914146423,"epoch_train":155,"trace_b":0.017802894115447998,"epoch":156,"sum_squared_off_diag_b":7.27167644072324e-05,"_wandb":{"runtime":3674},"std_of_class_mean_norms":0.05342346429824829,"_timestamp":1.747783528216565e+09,"rank_sigma":458,"diag_var_b":0.0001310567167820409}