{"max_eigval_norm":0.40830719470977783,"_wandb":{"runtime":778},"quantile_50":-5.944227723375661e-06,"epoch_train":4,"_timestamp":1.7460485033592153e+09,"entropy":1.9637094736099243,"epoch":4,"sum_squared_off_diag":7.884326623752713e-05,"quantile_25":-5.7081979321083054e-05,"acc_train":43,"grad_norm":NaN,"loss_val":16383.2568359375,"rank_sigma":320,"acc_val":6.53076171875,"quantile_75":2.9094637284288183e-05,"condition_sigma":9.933233152e+09,"loss_train":16384.28125,"trace_sigma":0.017717719078063965,"lda_accuracy":0.01046,"epoch_val":4,"diag_var":2.2806798671837214e-09,"min_eigval_norm":-0.0028978551272302866,"loss":16383.28515625,"_step":18,"_runtime":692.855532754}