{"_timestamp":1.7462958289663446e+09,"epoch_train":19,"diag_var":0.007629575673490763,"lda_accuracy":15.2,"_wandb":{"runtime":777},"quantile_75":1.8333422531213728e-06,"acc_train":43.68055555555556,"epoch_val":18,"loss":0.4639742970466614,"grad_norm":1394.1060791015625,"sum_squared_off_diag":2238.64453125,"min_eigval_norm":-0.011133245192468166,"quantile_25":-0.006062445230782032,"rank_sigma":135,"loss_val":0.47365909814834595,"entropy":2.1008694171905518,"_runtime":777.889985765,"trace_sigma":6.016681671142578,"max_eigval_norm":0.31652891635894775,"loss_train":NaN,"_step":142,"quantile_50":-0.0015415563248097897,"condition_sigma":2.91985472e+08,"acc_val":93.4,"epoch":19}