{"entropy":2.3596274852752686,"acc_val":0,"loss_train":0.06471228003501892,"condition_sigma":3.372631e+06,"grad_norm":1.2195383310317993,"quantile_50":-1.1430498489062302e-05,"acc_train":39.25347222222222,"epoch_train":49,"_step":357,"sum_squared_off_diag":0.15139850974082947,"trace_sigma":0.9670642018318176,"diag_var":1.3545352430810453e-06,"max_eigval_norm":0.20714139938354492,"rank_sigma":488,"quantile_25":-0.00018653176084626466,"epoch":49,"_runtime":1990.714644271,"epoch_val":49,"loss_val":0,"lda_accuracy":42,"quantile_75":0.000160913827130571,"loss":0.024615466594696045,"_wandb":{"runtime":1991},"_timestamp":1.7462287911311734e+09,"min_eigval_norm":-0.004931201227009296}