{"quantile_75":0.001243275823071599,"diag_var_b":4.411532700032694e-06,"trace_sigma":2.088578224182129,"_wandb":{"runtime":3751},"loss":-0.006292164325714111,"loss_train":-0.0017051522930463154,"_timestamp":1.7477835286066885e+09,"mean_of_class_means_norms":0.98934406042099,"sum_squared_off_diag":0.5914607048034668,"sum_squared_off_diag_w":8.234249435190577e-06,"diag_var":4.411532700032694e-06,"distance_of_mean_class_means_origin":0.98887699842453,"entropy_b":3.1631505489349365,"max_eigval_norm":0.17716847360134125,"complex_count":0,"sum_squared_off_diag_b":1.0068112743510937e-07,"trace_w":0.02151930332183838,"std_of_class_mean_norms":0.0011680780444294214,"rank_sigma":510,"max_diff":1.6689300537109375e-06,"entropy_t":4.467360019683838,"entropy_w":4.4836225509643555,"_runtime":3747.966871692,"quantile_25":-0.0012840350391343236,"entropy":3.628262519836426,"quantile_50":-1.485835946368752e-05,"epoch_train":160,"diag_var_w":4.411532700032694e-06,"_step":355,"grad_norm":0.3503304421901703,"min_eigval_norm":-0.009800659492611885,"trace_b":0.0009052157402038574,"lda_accuracy":10.714285714285714,"condition_sigma":68688.046875,"epoch":161}