{"quantile_75":-1.5472194547783147e-07,"quantile_25":-2.874012352549471e-05,"_wandb":{"runtime":51769},"min normalized eigenvalue":-0.00010292322986060753,"total_acc_trainval":91.53999999999999,"totalval":1.836145875e+06,"quantile_50":-4.628706847142894e-06,"trace":526.981201171875,"max normalized eigenvalue":0.14384005963802338,"_step":8999,"_runtime":51768.526433298,"diag_var":8.143243789672852,"_timestamp":1.7455032775831366e+09,"condition simga":1.6820066e+07,"loss":1.81224275e+06,"rank simga":239,"epochval":499,"total_grad_norm_encoder":14548.91796875,"epochtrain":499,"entropy":2.1934006214141846,"totaltrain":1.81185671875e+06,"sum_squared_off_diag":27576.9296875,"total_acc_traintrain":99.825}