{"max normalized eigenvalue":0.7484584450721741,"loss":16383.662109375,"sum_squared_off_diag":0.0005525434971787035,"quantile_50":-0.00020305096404626966,"trace":0.030986294150352478,"diag_var":3.385900670949127e-09,"total_grad_norm_encoder":0,"condition simga":9615.2998046875,"epoch":0,"_step":1,"_runtime":64.935764315,"entropy":1.9030555486679077,"_wandb":{"runtime":93},"rank simga":512,"quantile_75":-0.00010114052565768361,"min normalized eigenvalue":-0.007318610325455666,"_timestamp":1.745905224538413e+09,"quantile_25":-0.00043028147774748504}