{"_runtime":45.252856488,"quantile_25":-0.00019074941519647837,"loss":16383.6494140625,"_wandb":{"runtime":73},"condition simga":27160.244140625,"rank simga":438,"_timestamp":1.7459064541550786e+09,"total_grad_norm_encoder":0,"min normalized eigenvalue":-0.006539130117744207,"diag_var":3.4491667300073914e-09,"sum_squared_off_diag":0.0005636392161250114,"quantile_50":-9.072326793102548e-05,"max normalized eigenvalue":0.734227180480957,"_step":1,"entropy":1.4324251413345337,"epoch":0,"quantile_75":-4.8801277443999425e-05,"trace":0.03167020529508591}