{"min_eigval_norm":-0.02572103776037693,"quantile_75":4.417000099010693e-08,"trace_sigma":2.0916781425476074,"acc_val":56.39999999999999,"quantile_50":-2.3221089495706337e-09,"grad_norm":0.6169544458389282,"condition_sigma":3.545084928e+09,"quantile_25":-7.551285108320371e-08,"loss_val":0.24002666771411896,"_wandb":{"runtime":2002},"epoch":49,"epoch_val":49,"sum_squared_off_diag":1.2176978588104248,"_step":357,"diag_var":1.0118613317899872e-05,"max_eigval_norm":0.3371240198612213,"loss":0.254133939743042,"_runtime":2002.745472346,"lda_accuracy":43.8,"rank_sigma":94,"loss_train":0.06913735270500183,"epoch_train":49,"entropy":1.780551791191101,"_timestamp":1.746248767422403e+09,"acc_train":39.53993055555556}