{"condition_sigma":5.0924272e+07,"entropy_t":4.795679569244385,"max_diff":0.00026363134384155273,"epoch":49,"_step":109,"complex_count":194,"std_of_class_mean_norms":0.13322250545024872,"mean_of_class_means_norms":0.45337796211242676,"quantile_50":8.676661309436895e-07,"lda_accuracy":61.8,"entropy":2.2878615856170654,"trace_b":0.10464173555374146,"quantile_25":-0.00013238251267466694,"loss_train":198.4626953125,"quantile_75":0.0001464843808207661,"diag_var_b":0.004419480450451374,"_runtime":1677.067435997,"max_eigval_norm":0.20311643183231354,"trace_sigma":17.586448669433594,"sum_squared_off_diag_b":0.002023800276219845,"entropy_b":1.873010277748108,"_wandb":{"runtime":1678},"diag_var_w":0.004419480450451374,"sum_squared_off_diag":337.33544921875,"_timestamp":1.7471828307264788e+09,"entropy_w":4.958943843841553,"epoch_train":49,"sum_squared_off_diag_w":0.004756842739880085,"diag_var":0.004419480450451374,"grad_norm":206.5966033935547,"min_eigval_norm":-0.00047377555165439844,"loss":221.0189666748047,"rank_sigma":350,"distance_of_mean_class_means_origin":0.3418293297290802,"trace_w":0.7906451225280762}