{"diag_var_w":0.00673324940726161,"min_eigval_norm":-0.1716567873954773,"max_eigval_norm":0.335917204618454,"lda_accuracy":63.29365079365079,"_timestamp":1.747799337653606e+09,"loss":15.91496753692627,"quantile_75":8.473629713989794e-05,"sum_squared_off_diag_w":0.00551840104162693,"diag_var_b":0.00673324940726161,"epoch":182,"sum_squared_off_diag":341.846435546875,"trace_sigma":25.413471221923828,"quantile_25":-8.488808089168742e-05,"distance_of_mean_class_means_origin":0.42301660776138306,"entropy_t":4.7784929275512695,"_runtime":3690.151885766,"mean_of_class_means_norms":0.5299209952354431,"_step":401,"entropy_b":2.0347723960876465,"max_diff":0.00019872188568115234,"entropy_w":4.938227653503418,"entropy":2.2207911014556885,"diag_var":0.00673324940726161,"complex_count":0,"epoch_train":181,"quantile_50":5.234412583376979e-07,"_wandb":{"runtime":3691},"grad_norm":18.82767105102539,"sum_squared_off_diag_b":0.0015898983692750335,"trace_w":0.7259985208511353,"trace_b":0.10619819164276123,"loss_train":11.696131388346354,"std_of_class_mean_norms":0.06963726133108139,"rank_sigma":427,"condition_sigma":4.7583225e+06}