{"total_acc_trainval":77.98,"trace":6.930671691894531,"quantile_25":-4.114092007512227e-06,"totaltrain":0.9826304540038109,"max normalized eigenvalue":0.12180666625499725,"totalval":0.9843944311141968,"_step":8999,"rank simga":58,"entropy":2.196913242340088,"epochval":499,"epochtrain":499,"loss":0.9829493761062622,"_wandb":{"runtime":7517},"sum_squared_off_diag":4.425111293792725,"total_grad_norm_encoder":0.04890216141939163,"_timestamp":1.7453927978464012e+09,"quantile_50":1.3318100400283583e-06,"total_acc_traintrain":79.2875,"_runtime":7516.951193817,"diag_var":0.003031669184565544,"condition simga":476709.125,"quantile_75":8.621089364169165e-06,"min normalized eigenvalue":-2.0512678020168096e-05}