{"trace_w":0.5918627977371216,"diag_var_w":0.00012826223974116147,"diag_var_b":0.00012826223974116147,"quantile_50":1.5772624465171248e-05,"entropy_t":3.8036465644836426,"max_eigval_norm":0.15315879881381989,"diag_var":0.00012826223974116147,"epoch_train":99,"_timestamp":1.7477766994717693e+09,"max_diff":0.00013571977615356445,"epoch":99,"min_eigval_norm":-0.002090866444632411,"rank_sigma":459,"quantile_75":0.0006115644355304539,"entropy":2.9881553649902344,"mean_of_class_means_norms":0.6435495615005493,"loss_train":-0.07361285885175069,"entropy_w":3.8279521465301514,"sum_squared_off_diag_b":0.00010997040953952819,"sum_squared_off_diag_w":0.0216184351593256,"std_of_class_mean_norms":0.05860400199890137,"condition_sigma":3.76238e+07,"loss":-0.10751843452453613,"distance_of_mean_class_means_origin":0.629539430141449,"entropy_b":1.8538620471954346,"sum_squared_off_diag":22.59362030029297,"trace_b":0.020911753177642822,"quantile_25":-0.0005579698481597006,"_wandb":{"runtime":2069},"_step":219,"lda_accuracy":23.015873015873016,"complex_count":34,"grad_norm":0.3568821847438812,"_runtime":2068.650582048,"trace_sigma":4.683033466339111}