{"epochval":499,"_step":4999,"totalval":0.5844615399837494,"total_acc_trainval":91.21000000000001,"epochtrain":499,"totaltrain":5.5466262551817636e-06,"total_acc_traintrain":100,"total_grad_norm_encoder":0.0002102887665387243,"_runtime":8313.903475652,"_timestamp":1.745521409306343e+09,"_wandb":{"runtime":8314}}