{"_wandb":{"runtime":4842},"quantile_25":-5.2331706683617085e-06,"min normalized eigenvalue":-1.829038046707865e-05,"_step":6695,"totaltrain":0.9834722727537155,"sum_squared_off_diag":3.7417025566101074,"rank simga":60,"epochval":371,"quantile_50":1.7437957922084024e-06,"loss":0.9831111431121826,"diag_var":0.0015758988447487354,"total_grad_norm_encoder":0.12607614696025848,"max normalized eigenvalue":0.12378648668527603,"totalval":0.9868895411491394,"_timestamp":1.745388951877639e+09,"total_acc_trainval":70.49,"total_acc_traintrain":73.91,"entropy":2.1969799995422363,"trace":6.317886829376221,"epochtrain":371,"condition simga":1.929768e+06,"_runtime":4839.899544228,"quantile_75":1.0204976206296124e-05}