{"rank_sigma":9,"loss":0.20868313312530518,"epoch":0,"grad_norm":1.1029905080795288,"_runtime":41.899856962,"quantile_50":4.030053091241825e-08,"_timestamp":1.746370544000405e+09,"entropy":1.7382670640945435,"min_eigval_norm":-1.572779001435265e-05,"trace_sigma":4.858486175537109,"condition_sigma":7.573908e+07,"quantile_25":-3.5060143090959173e-06,"max_eigval_norm":0.29949405789375305,"diag_var":2.7950871299253777e-05,"sum_squared_off_diag":4.8816118240356445,"_step":97,"quantile_75":3.864443897327874e-06,"_wandb":{"runtime":43}}