{"quantile_25":-0.0028532762080430984,"_runtime":750.610401417,"epoch":0,"diag_var":4356.70263671875,"sum_squared_off_diag":1.657916288e+09,"condition_sigma":7.251724e+07,"rank_sigma":271,"_step":3,"trace_sigma":-2761.74853515625,"max_eigval_norm":0.974923849105835,"min_eigval_norm":-0.02981879748404026,"quantile_75":0.0028952518478035927,"_wandb":{"runtime":750},"grad_norm":NaN,"entropy":0.9704549908638,"quantile_50":1.3160282833268866e-05,"_timestamp":1.7462965829311745e+09,"loss":NaN}