{"totalval":-0.5496707558631897,"loss":-0.6689228415489197,"min normalized eigenvalue":-0.0003257890057284385,"sum_squared_off_diag":0.929978609085083,"_timestamp":1.7452618783816082e+09,"quantile_25":-4.7845802328083664e-05,"epochval":12,"epochtrain":12,"condition simga":6.9176195e+06,"total_acc_traintrain":27.495000000000005,"trace":1.9870915412902832,"total_grad_norm_encoder":0.6819682717323303,"_step":241,"diag_var":0.0005929890321567655,"max normalized eigenvalue":0.25434479117393494,"totaltrain":-0.6712127178907394,"total_acc_trainval":18.3,"_runtime":154.959875572,"quantile_75":8.055260695982724e-05,"_wandb":{"runtime":155},"entropy":1.8944841623306274,"quantile_50":3.966859367210418e-06,"rank simga":116}