{"_timestamp":1.7477835006865158e+09,"entropy":2.1840932369232178,"quantile_50":3.822867711278377e-07,"sum_squared_off_diag_b":0.003230838105082512,"distance_of_mean_class_means_origin":0.3260233998298645,"entropy_t":4.818228721618652,"std_of_class_mean_norms":0.11744566261768341,"diag_var":0.015337659046053886,"_wandb":{"runtime":4518},"loss":6.7564778327941895,"_runtime":4511.750179235,"max_diff":0.00020456314086914062,"rank_sigma":293,"epoch":206,"entropy_w":5.112735748291016,"condition_sigma":1.7937044e+07,"diag_var_b":0.015337659046053886,"trace_b":0.1604740023612976,"complex_count":266,"trace_sigma":30.317245483398438,"grad_norm":9.726282119750977,"quantile_25":-7.214111974462867e-05,"max_eigval_norm":0.20129407942295074,"trace_w":0.744647204875946,"mean_of_class_means_norms":0.5043733716011047,"_step":454,"entropy_b":1.9937564134597778,"epoch_train":205,"loss_train":5.253491083780925,"sum_squared_off_diag":1124.264404296875,"lda_accuracy":62.10317460317461,"quantile_75":7.505991379730403e-05,"sum_squared_off_diag_w":0.003729786491021514,"min_eigval_norm":-0.00038059501093812287,"diag_var_w":0.015337659046053886}