{"trace":4.047266960144043,"diag_var":5.547332286834717,"condition simga":1.3708775e+06,"loss":NaN,"totalval":NaN,"total_grad_norm_encoder":1.890075e+06,"_wandb":{"runtime":389},"entropy":0.7590875625610352,"_timestamp":1.7454305563724537e+09,"_runtime":385.593080506,"epochval":30,"sum_squared_off_diag":1056.177734375,"quantile_25":0.0035607866011559963,"epochtrain":31,"_step":574,"max normalized eigenvalue":0.7871648073196411,"min normalized eigenvalue":9.523741937300656e-06,"totaltrain":NaN,"rank simga":8,"quantile_75":0.03753172233700752,"quantile_50":0.005006894934922457,"total_acc_trainval":12.16,"total_acc_traintrain":19.56}