{"condition simga":1.2055796e+07,"totaltrain":-1.0792936235666275,"total_acc_trainval":57.96,"diag_var":0.0023032473400235176,"min normalized eigenvalue":-1.5502093447139487e-05,"max normalized eigenvalue":0.13657429814338684,"_step":17099,"trace":3.5797839164733887,"_timestamp":1.7452746130907912e+09,"quantile_75":2.7857449822477065e-06,"loss":-1.0793263912200928,"sum_squared_off_diag":1.0872381925582886,"epochval":949,"quantile_25":-1.7355622503600898e-06,"total_grad_norm_encoder":0.08844447135925293,"total_acc_traintrain":59.11,"_wandb":{"runtime":12697},"rank simga":67,"_runtime":12693.26530275,"totalval":-1.0773504972457886,"entropy":2.1925463676452637,"quantile_50":2.6528863372732303e-07,"epochtrain":949}