{"total_acc_traintrain":19.145,"epochtrain":0,"_wandb":{"runtime":13},"_timestamp":1.7455133704953804e+09,"_runtime":9.822535099,"_step":8,"total_grad_norm_encoder":0.9459368586540222,"totaltrain":2.4708685278892517}