{"_runtime":2048.101512875,"quantile_50":-8.595644196418561e-09,"epoch":0,"acc_train":2.710307236258865,"diag_var":0.017719173803925514,"quantile_75":1.3559804301621625e-07,"quantile_25":-1.8549660296685033e-07,"epoch_train":0,"condition_sigma":4.445813248e+09,"lda_accuracy":0.23800000000000002,"min_eigval_norm":-0.0002931835479103029,"loss":59.682029724121094,"loss_val":112.60807037353516,"trace_sigma":75.74064636230469,"sum_squared_off_diag":4612.623046875,"acc_val":1.1440000000000001,"loss_train":2.689130571153429,"_wandb":{"runtime":2064},"grad_norm":10.546758651733398,"_timestamp":1.7462116820804834e+09,"_step":38,"rank_sigma":12,"max_eigval_norm":0.8935405611991882,"entropy":0.39134278893470764,"epoch_val":0}