{"quantile_25":-7.315104255667393e-08,"entropy":1.0412793159484863,"min normalized eigenvalue":-0.20440194010734558,"quantile_75":6.08623551556775e-08,"condition simga":1.108876288e+10,"_timestamp":1.745873629209448e+09,"total_grad_norm_encoder":9.963274955749512,"epoch":0,"trace":0.16166721284389496,"_step":29,"max normalized eigenvalue":1.0413172245025635,"loss":16383.7607421875,"quantile_50":-2.0344537166039345e-09,"sum_squared_off_diag":0.033016692847013474,"_wandb":{"runtime":259},"diag_var":1.2608687427473342e-07,"rank simga":81,"_runtime":254.29451142}