{"condition simga":280.0993347167969,"quantile_50":0.007454507518559694,"total_grad_norm_encoder":0.38415220379829407,"_timestamp":1.7451493014299123e+09,"_runtime":58851.817202466,"epochval":4999,"rank simga":128,"min normalized eigenvalue":5.717510430258699e-05,"totalval":-2.262476682662964,"total_acc_trainval":13.98,"diag_var":0.4305160343647003,"quantile_25":0.0033711346331983805,"_wandb":{"runtime":58852},"_step":89835,"entropy":4.645883560180664,"max normalized eigenvalue":0.0158118586987257,"quantile_75":0.012667561881244183,"trace":137.26145935058594,"loss":-2.2674612998962402,"sum_squared_off_diag":0.2496749758720398,"epochtrain":4999,"total_acc_traintrain":14.255,"totaltrain":-2.2640062272548676}