{"trace_w":0.6189794540405273,"_runtime":5085.413367386,"grad_norm":0.17633692920207977,"loss":-0.09263920783996582,"min_eigval_norm":-0.0019402410835027695,"quantile_75":0.0005705702351406217,"max_eigval_norm":0.1467474102973938,"_step":534,"diag_var_w":0.00012177116150269285,"diag_var":0.00012177116150269285,"entropy_w":4.036869049072266,"mean_of_class_means_norms":0.6213129758834839,"trace_sigma":4.942694664001465,"sum_squared_off_diag_b":0.00010074673627968878,"quantile_25":-0.0005040864343754947,"sum_squared_off_diag":20.415754318237305,"complex_count":54,"std_of_class_mean_norms":0.070867158472538,"epoch_train":242,"diag_var_b":0.00012177116150269285,"loss_train":-0.06139043470223745,"lda_accuracy":24.801587301587304,"sum_squared_off_diag_w":0.018077092245221138,"_timestamp":1.747783532605922e+09,"condition_sigma":3.625713e+06,"entropy":2.919639825820923,"rank_sigma":461,"epoch":242,"max_diff":0.00020712614059448242,"entropy_t":4.01345682144165,"quantile_50":2.6258319849148393e-05,"distance_of_mean_class_means_origin":0.6085535883903503,"entropy_b":1.851243019104004,"_wandb":{"runtime":5086},"trace_b":0.02019435167312622}