{"diag_var":0.0004945890395902097,"max_eigval_norm":0.321026086807251,"diag_var_w":0.0004945890395902097,"quantile_75":0.000396606425056234,"entropy_w":4.070103645324707,"mean_of_class_means_norms":0.8261985182762146,"trace_w":0.3212243318557739,"distance_of_mean_class_means_origin":0.8153679966926575,"_wandb":{"runtime":744},"_step":61,"entropy":2.567230463027954,"quantile_25":-0.0004108130233362317,"epoch_train":27,"std_of_class_mean_norms":0.0352015495300293,"trace_sigma":8.346128463745117,"loss":18.12840461730957,"grad_norm":3.7378904819488525,"condition_sigma":316532.03125,"sum_squared_off_diag":21.068187713623047,"diag_var_b":0.0004945890395902097,"sum_squared_off_diag_b":5.030747706769034e-05,"entropy_b":2.160360813140869,"rank_sigma":496,"entropy_t":4.072905540466309,"quantile_50":-3.7972754398651887e-06,"max_diff":4.309415817260742e-05,"sum_squared_off_diag_w":0.0035785790532827377,"loss_train":13.737906138102213,"_timestamp":1.7477955243585095e+09,"lda_accuracy":48.41269841269841,"trace_b":0.018876969814300537,"epoch":27,"_runtime":649.648674848,"min_eigval_norm":-0.09548315405845642,"complex_count":0}