{"trace_sigma":0.3817211091518402,"min_eigval_norm":-0.08466619998216629,"epoch":49,"_timestamp":1.7464524329354835e+09,"diag_var":1.084443738363916e-06,"lda_accuracy":24.9500998003992,"quantile_25":-1.305720434174873e-05,"rank_sigma":110,"epoch_val":49,"_step":157,"sum_squared_off_diag":0.13509386777877808,"epoch_train":49,"acc_val":39.321357285429144,"_wandb":{"runtime":2740},"loss":0.5977233648300171,"loss_train":0.042397518952687584,"acc_train":23.873697916666668,"grad_norm":0.5406467914581299,"quantile_50":-5.238167233301283e-08,"max_eigval_norm":0.4683084189891815,"loss_val":0.505439281463623,"quantile_75":3.197893079232017e-07,"condition_sigma":6.40546304e+08,"entropy":1.7868388891220093,"_runtime":2739.161413357}