{"max_eigval_norm":0.27903392910957336,"sum_squared_off_diag":0.6295404434204102,"quantile_75":1.173052737613034e-06,"loss_train":27.214040120442707,"_runtime":52252.659536645,"epoch_val":24,"acc_val":7.598000000000001,"trace_sigma":1.9920737743377686,"quantile_50":-1.538612934837147e-07,"_timestamp":1.7461197820793314e+09,"acc_train":19.022450548537233,"epoch_train":24,"lda_accuracy":0.027,"loss_val":26.928300857543945,"loss":27.226369857788086,"quantile_25":-9.239792007065262e-07,"diag_var":8.870207238942385e-06,"grad_norm":8.798397064208984,"entropy":2.219552993774414,"epoch":24,"min_eigval_norm":-0.00010798236326081678,"condition_sigma":6.314747904e+09,"rank_sigma":61,"_step":974,"_wandb":{"runtime":52252}}