{"_step":7649,"rank simga":98,"totaltrain":-1.094119906425476,"_wandb":{"runtime":5235},"total_acc_trainval":62.57,"max normalized eigenvalue":0.12867212295532227,"diag_var":0.0009915796108543873,"quantile_25":-4.442185854713898e-06,"entropy":2.1957883834838867,"min normalized eigenvalue":-1.802130827854853e-05,"_runtime":5233.536175949,"totalval":-1.093442142009735,"total_acc_traintrain":63.6625,"quantile_50":2.900506501646305e-07,"trace":5.338623523712158,"total_grad_norm_encoder":0.057065077126026154,"condition simga":1.00364e+07,"loss":-1.09370756149292,"quantile_75":5.897502887819428e-06,"sum_squared_off_diag":2.866476058959961,"_timestamp":1.7453555741120625e+09,"epochval":424,"epochtrain":424}