{"std_of_class_mean_norms":0.18357299268245697,"diag_var":0.0007955125765874982,"max_diff":0.000685572624206543,"min_eigval_norm":-0.03041919693350792,"sum_squared_off_diag":7.17064094543457,"trace_sigma":11.924930572509766,"lda_accuracy":9.92,"quantile_50":3.705602580339473e-07,"epoch":13,"quantile_75":0.0110425790771842,"entropy_b":3.2096869945526123,"complex_count":0,"sum_squared_off_diag_b":0.0005579291610047221,"entropy_t":4.246097564697266,"loss_train":23.398800320095486,"sum_squared_off_diag_w":0.01140047237277031,"diag_var_w":0.0007955125765874982,"trace_b":0.10000014305114746,"_timestamp":1.747865081110219e+09,"trace_w":0.9264752268791199,"diag_var_b":0.0007955125765874982,"_wandb":{"runtime":1117},"distance_of_mean_class_means_origin":0.0889393761754036,"_runtime":1103.360198809,"rank_sigma":126,"mean_of_class_means_norms":0.1801319271326065,"quantile_25":-0.0008569470373913646,"grad_norm":0.31194645166397095,"_step":69,"entropy_w":4.2711944580078125,"loss":23.687496185302734,"epoch_train":12,"max_eigval_norm":0.11310750991106033,"entropy":3.537384033203125,"condition_sigma":737666.75}