{"loss":16382.3662109375,"condition simga":3.375298816e+09,"total_grad_norm_encoder":3.4362545013427734,"trace":0.4253498911857605,"total_acc_traintrain":12.144764216366157,"_runtime":875.944758973,"sum_squared_off_diag":0.03771381080150604,"rank simga":60,"min normalized eigenvalue":-0.0034261788241565228,"entropy":1.830666184425354,"_wandb":{"runtime":907},"quantile_75":-8.476521884404065e-08,"quantile_50":-3.808830797424889e-07,"epochtrain":0,"diag_var":1.0298389696572485e-07,"quantile_25":-1.612154619579087e-06,"max normalized eigenvalue":0.3325346112251282,"_step":182,"epoch":0,"_timestamp":1.7459008672014143e+09,"totaltrain":16224.962912087913}