{"max normalized eigenvalue":0.7479029297828674,"_timestamp":1.7459875408242912e+09,"_runtime":74.225191339,"diag_var":2.9715565563748214e-09,"loss":16383.662109375,"quantile_50":-0.0001309463696088642,"min normalized eigenvalue":-0.004514908883720636,"rank simga":510,"quantile_75":-6.478799332398921e-05,"epoch":0,"trace":0.02882704883813858,"_step":0,"condition simga":33191.33984375,"_wandb":{"runtime":84},"quantile_25":-0.0002680935722310096,"sum_squared_off_diag":0.00047405652003362775,"entropy":1.6990001201629639}