{"rank simga":8,"totalval":-0.04792928509414196,"_step":8993,"quantile_75":0.0030135863926261663,"_timestamp":1.745438685937109e+09,"total_acc_traintrain":17.4575,"diag_var":929.7495727539062,"loss":-0.03813856840133667,"total_grad_norm_encoder":0.18702980875968933,"epochval":499,"quantile_50":0.0002603745961096138,"totaltrain":-0.035318218637257814,"max normalized eigenvalue":0.9914348721504211,"min normalized eigenvalue":-0.001090938807465136,"sum_squared_off_diag":93872.5078125,"trace":83.67190551757812,"epochtrain":499,"entropy":0.06619586795568466,"quantile_25":3.193073644069955e-05,"condition simga":1.3446551e+07,"_wandb":{"runtime":6198},"total_acc_trainval":17.82,"_runtime":6197.940451935}