{"_wandb":{"runtime":2300},"quantile_75":6.105093234509695e-06,"condition simga":1.295975375e+06,"_step":1499,"sum_squared_off_diag":0.004473756533116102,"epochval":149,"total_grad_norm_encoder":0.30499544739723206,"quantile_25":-4.374864147393964e-06,"rank simga":98,"total_acc_traintrain":33.32,"epochtrain":149,"total_acc_trainval":32.96,"min normalized eigenvalue":-1.546292878629174e-05,"diag_var":2.272453002660768e-06,"totaltrain":-1.0830227136611938,"max normalized eigenvalue":0.14689701795578003,"_timestamp":1.744993597335079e+09,"entropy":2.185000419616699,"loss":-1.082153081893921,"quantile_50":4.799742896466341e-07,"totalval":-1.072595238685608,"_runtime":2299.51334766,"trace":0.21095238626003265}