{"entropy_w":4.423802852630615,"sum_squared_off_diag_b":0.005134673323482275,"_step":13,"condition_sigma":69046.9765625,"quantile_25":0.0004880161432083696,"loss_train":330.863029233871,"max_diff":0.00021255016326904297,"grad_norm":180.5881805419922,"quantile_75":0.004308298695832491,"_wandb":{"runtime":939},"entropy_b":3.1647677421569824,"sum_squared_off_diag":68.31703186035156,"epoch_train":0,"diag_var_w":0.012280979193747044,"complex_count":0,"diag_var_b":0.012280979193747044,"sum_squared_off_diag_w":0.004316259641200304,"trace_sigma":32.538787841796875,"max_eigval_norm":0.1354304850101471,"mean_of_class_means_norms":0.24849574267864227,"std_of_class_mean_norms":0.2778949439525604,"quantile_50":0.0014739136677235365,"min_eigval_norm":-0.0038690322544425726,"entropy_t":4.286739349365234,"distance_of_mean_class_means_origin":0.010037481784820557,"entropy":3.2704057693481445,"_timestamp":1.747963160232784e+09,"_runtime":646.975454784,"rank_sigma":127,"loss":76.27542877197266,"trace_b":0.2653675675392151,"diag_var":0.012280979193747044,"epoch":0,"trace_w":0.7523322701454163}