{"_timestamp":1.7451440369451227e+09,"_runtime":58085.847376636,"_step":89999,"sum_squared_off_diag":0,"total_acc_trainval":9.950000000000001,"diag_var":8.235806951158582e-25,"quantile_25":0,"min normalized eigenvalue":0,"trace":1.0267342531733448e-11,"max normalized eigenvalue":1,"condition simga":Infinity,"epochval":4999,"epochtrain":4999,"totaltrain":0,"rank simga":1,"total_acc_traintrain":10.012500000000001,"quantile_75":0,"total_grad_norm_encoder":0,"loss":0,"quantile_50":0,"totalval":0,"entropy":2.924282966887404e-07,"_wandb":{"runtime":58086}}