{"loss_train":81.74700927734375,"max_eigval_norm":0.21982422471046448,"distance_of_mean_class_means_origin":0.3762028217315674,"max_diff":0.0003428459167480469,"_step":219,"entropy_w":4.910178184509277,"quantile_25":-0.00012791360495612025,"grad_norm":93.86272430419922,"lda_accuracy":61.70634920634921,"quantile_50":1.135176898969803e-05,"entropy_b":1.8474681377410889,"_wandb":{"runtime":2027},"entropy":2.2911970615386963,"sum_squared_off_diag_w":0.004932986572384834,"trace_sigma":16.90550422668457,"condition_sigma":3.94506656e+08,"trace_b":0.10755228996276855,"std_of_class_mean_norms":0.10733254253864288,"sum_squared_off_diag":391.3670654296875,"_timestamp":1.747776475273195e+09,"rank_sigma":349,"mean_of_class_means_norms":0.48861679434776306,"entropy_t":4.723402500152588,"sum_squared_off_diag_b":0.002045656554400921,"diag_var":0.00427257688716054,"loss":110.66439056396484,"quantile_75":0.0001537209318485111,"complex_count":154,"min_eigval_norm":-0.000507038552314043,"diag_var_w":0.00427257688716054,"_runtime":2027.356807487,"diag_var_b":0.00427257688716054,"trace_w":0.7594380378723145,"epoch_train":99,"epoch":99}