{"_timestamp":1.745871789030412e+09,"totaltrain":16381.8984375,"sum_squared_off_diag":0.41290223598480225,"quantile_25":-2.696726841833197e-09,"_step":6,"trace":1.1825623512268066,"total_grad_norm_encoder":23.856033325195312,"_runtime":209.289907625,"entropy":1.768001675605774,"loss":16381.0185546875,"epoch":1,"diag_var":2.346866267544101e-06,"quantile_50":3.312264351684746e-11,"total_acc_trainval":5.571177201214463,"epochtrain":1,"max normalized eigenvalue":0.3984520137310028,"total_acc_traintrain":70,"_wandb":{"runtime":250},"epochval":0,"min normalized eigenvalue":-0.03944677114486694,"rank simga":24,"totalval":16383.244140625,"quantile_75":2.804522614141547e-09,"condition simga":3.4076069888e+10}