{"_runtime":36.629434297,"_step":0,"_wandb":{"runtime":45},"epoch_train":0,"loss_train":0,"acc_train":0,"_timestamp":1.7462450865914094e+09}