{"loss":16378.5966796875,"epochval":19,"min normalized eigenvalue":-0.008490105159580708,"max normalized eigenvalue":0.05037953704595566,"quantile_75":0.0002886037982534617,"diag_var":5.6120697990991175e-05,"total_acc_traintrain":26.0802019520498,"total_acc_trainval":25.024151255865306,"epochtrain":19,"total_grad_norm_encoder":7.747903823852539,"epoch":20,"trace":1.7112780809402466,"sum_squared_off_diag":0.02132504992187023,"quantile_25":-1.9288670660699836e-09,"_step":10603,"_runtime":39801.895684123,"condition simga":6.271148544e+09,"totalval":16379.189655172413,"entropy":4.428092002868652,"quantile_50":1.6354645415717073e-09,"totaltrain":16379.204901960784,"_timestamp":1.7457672178143983e+09,"rank simga":218,"_wandb":{"runtime":39806}}