{"loss_train":7.232755025227864,"grad_norm":55.26227569580078,"sum_squared_off_diag_w":0.002212215680629015,"mean_of_class_means_norms":0.8010832667350769,"epoch_train":299,"sum_squared_off_diag_b":0.0017132284119725227,"trace_b":0.1078532338142395,"quantile_75":7.195385842351243e-05,"diag_var":0.0948159396648407,"_runtime":6430.000701149,"entropy_b":2.006791591644287,"_timestamp":1.747802801432592e+09,"trace_w":0.3590618371963501,"lda_accuracy":72.81746031746032,"max_eigval_norm":0.4938317537307739,"rank_sigma":371,"entropy":2.0536558628082275,"_wandb":{"runtime":6430},"loss":8.782464981079102,"complex_count":0,"min_eigval_norm":-0.23365460336208344,"std_of_class_mean_norms":0.07251224666833878,"quantile_50":-2.81891402664769e-07,"sum_squared_off_diag":5462.6357421875,"_step":659,"entropy_t":4.5332417488098145,"epoch":299,"diag_var_w":0.0948159396648407,"diag_var_b":0.0948159396648407,"entropy_w":4.856508731842041,"distance_of_mean_class_means_origin":0.7338830828666687,"trace_sigma":85.060791015625,"quantile_25":-7.209298200905323e-05,"max_diff":3.8623809814453125e-05,"condition_sigma":1.5216287e+07}