{"_runtime":7675.148501839,"_step":8999,"total_acc_trainval":71.81,"totalval":1.009537935256958,"_wandb":{"runtime":7676},"quantile_50":1.7278696304856567e-06,"trace":4.103542327880859,"sum_squared_off_diag":1.5460901260375977,"epochval":499,"quantile_25":-6.7422988649923354e-06,"diag_var":0.0011139416601508856,"rank simga":59,"_timestamp":1.7453935795889099e+09,"totaltrain":0.9842329174280167,"max normalized eigenvalue":0.12054669857025146,"loss":0.982927680015564,"condition simga":4.3478048e+07,"min normalized eigenvalue":-1.9358663848834112e-05,"quantile_75":1.0985933840856887e-05,"total_grad_norm_encoder":0.03464600443840027,"total_acc_traintrain":74.59,"entropy":2.1972570419311523,"epochtrain":499}