{"epochtrain":499,"rank simga":26,"epochval":499,"quantile_75":2.212203298768145e-06,"totalval":2.0376428365707397,"max normalized eigenvalue":0.12612465023994446,"total_grad_norm_encoder":0.03769559785723686,"sum_squared_off_diag":2.4760146141052246,"trace":4.767205238342285,"entropy":2.20113205909729,"_timestamp":1.7453744370727098e+09,"_runtime":10111.479694719,"totaltrain":2.022195259730021,"condition simga":1.4311295e+07,"total_acc_trainval":72.72,"diag_var":5.280405093799345e-05,"min normalized eigenvalue":-9.8483333204058e-06,"quantile_50":5.418228710141193e-08,"_wandb":{"runtime":10112},"total_acc_traintrain":78.2475,"quantile_25":-2.025575895459042e-06,"loss":2.0241947174072266,"_step":6873}