{"_wandb":{"runtime":840},"mean_of_class_means_norms":0.6127381324768066,"diag_var_w":0.0013745420146733522,"diag_var":0.0013745420146733522,"grad_norm":3770.9970703125,"min_eigval_norm":-0.0007949763094075024,"sum_squared_off_diag_b":0.0013928767293691635,"loss":5994.76904296875,"trace_b":0.08269459009170532,"lda_accuracy":46.6,"_timestamp":1.7471810949128125e+09,"distance_of_mean_class_means_origin":0.5472762584686279,"sum_squared_off_diag":211.0057373046875,"sum_squared_off_diag_w":0.010840265080332756,"trace_w":0.6274182200431824,"quantile_75":0.0003161478089168668,"entropy_w":4.29787015914917,"complex_count":152,"loss_train":5308.1015625,"std_of_class_mean_norms":0.08684758096933365,"trace_sigma":11.13730239868164,"max_eigval_norm":0.2234417051076889,"quantile_25":-0.00023529515601694584,"entropy":2.4672701358795166,"_runtime":839.680622248,"max_diff":0.00014317035675048828,"rank_sigma":407,"_step":54,"epoch":24,"entropy_t":4.160058975219727,"entropy_b":1.8288699388504028,"diag_var_b":0.0013745420146733522,"condition_sigma":1.25069432e+08,"quantile_50":3.0818424420431256e-05,"epoch_train":24}