{"loss_val":0.364152987798055,"epoch":49,"_wandb":{"runtime":2734},"acc_val":38.622754491017965,"rank_sigma":114,"min_eigval_norm":-0.0716591626405716,"grad_norm":0.5480712056159973,"condition_sigma":1.645054336e+09,"_step":157,"sum_squared_off_diag":0.20310235023498535,"epoch_train":49,"epoch_val":49,"quantile_75":2.1765021074315882e-07,"_runtime":2734.027212543,"loss":0.5698834657669067,"lda_accuracy":25.149700598802394,"quantile_25":-1.611260449863039e-05,"_timestamp":1.7464036417188787e+09,"trace_sigma":0.5529921054840088,"diag_var":1.32401339669741e-06,"max_eigval_norm":0.4993124306201935,"acc_train":24.453125,"loss_train":0.04597888390223185,"entropy":1.7265124320983887,"quantile_50":-4.383709395483493e-08}