{"loss":16382.3134765625,"quantile_75":9.178087930195034e-05,"diag_var":1.5266928699020355e-07,"quantile_50":5.017206603952218e-06,"trace_sigma":0.4751923084259033,"condition_sigma":745830.5625,"min_eigval_norm":-0.0002228768280474469,"grad_norm":3.492572069168091,"loss_train":16041.633680555555,"sum_squared_off_diag":0.051705487072467804,"entropy":1.92873215675354,"epoch":0,"acc_train":2.08246758643617,"quantile_25":-7.939962233649567e-05,"epoch_train":0,"_wandb":{"runtime":1679},"rank_sigma":446,"_runtime":1679.284139221,"_timestamp":1.7459895248125744e+09,"max_eigval_norm":0.34180203080177307,"_step":40}