{"total_acc_trainval":92.17999999999999,"quantile_75":0.00020756616140715778,"total_grad_norm_encoder":0.13987113535404205,"diag_var":0.06485410779714584,"sum_squared_off_diag":5686.4462890625,"epochval":499,"totalval":-0.4113699197769165,"condition simga":5.7816845e+06,"_runtime":45877.195474751,"entropy":2.5576350688934326,"quantile_25":-4.6358316467376426e-05,"_wandb":{"runtime":45877},"rank simga":460,"min normalized eigenvalue":-0.0007939682109281421,"_timestamp":1.7455053734479194e+09,"quantile_50":6.244386895559728e-05,"max normalized eigenvalue":0.13360866904258728,"trace":120.82412719726562,"epochtrain":499,"totaltrain":-1.1002108603715897,"total_acc_traintrain":97.6425,"_step":8997,"loss":-1.1090261936187744}