{"totaltrain":0.06304258853197098,"total_grad_norm_encoder":0.04891245812177658,"epochtrain":499,"epochval":499,"min normalized eigenvalue":-5.720493732042087e-07,"total_acc_traintrain":45.269999999999996,"max normalized eigenvalue":0.13925668597221375,"quantile_25":0.11644499748945236,"rank simga":9,"totalval":0.07527422159910202,"_step":8999,"total_acc_trainval":41.660000000000004,"loss":0.06176422908902168,"trace":5.959308624267578,"sum_squared_off_diag":0.45854300260543823,"entropy":2.0765514373779297,"_timestamp":1.745435278052132e+09,"condition simga":262138.390625,"_runtime":6119.034456977,"diag_var":0.014561330899596214,"quantile_50":0.12433283030986786,"_wandb":{"runtime":6119},"quantile_75":0.13032925128936768}