{"acc_val":22.8,"rank_sigma":484,"entropy":3.715963363647461,"condition_sigma":473136.34375,"diag_var":2.2980002256645093e-07,"quantile_75":0.004747248254716396,"epoch_train":16,"trace_sigma":0.09242004156112671,"_runtime":697.855928806,"_wandb":{"runtime":700},"epoch":17,"lda_accuracy":18,"sum_squared_off_diag":0.022223209962248802,"acc_train":18.723958333333332,"_timestamp":1.746319971588224e+09,"grad_norm":16.18384552001953,"loss_train":-0.22928087711334227,"max_eigval_norm":0.9870554804801941,"quantile_50":0.00012017905828543007,"min_eigval_norm":-0.12500140070915222,"epoch_val":16,"quantile_25":-0.0042984699830412865,"loss":-0.21639013290405273,"loss_val":0.3437763452529907,"_step":123}