{"grad_norm":0.4153459072113037,"lda_accuracy":35.528942115768466,"epoch_val":49,"min_eigval_norm":-0.006538226269185543,"rank_sigma":505,"loss_val":0,"loss":-0.014635026454925537,"loss_train":-0.0065328677495320635,"epoch_train":49,"diag_var":1.1617217751336284e-05,"acc_train":37.708333333333336,"trace_sigma":1.2415833473205566,"epoch":49,"_step":157,"acc_val":0,"quantile_50":-2.5888248273986392e-05,"max_eigval_norm":0.15719181299209595,"_runtime":2732.868980656,"entropy":3.52236270904541,"_wandb":{"runtime":2733},"condition_sigma":327510.25,"sum_squared_off_diag":0.8205776214599609,"_timestamp":1.746455697772399e+09,"quantile_25":-0.0012214294401928782,"quantile_75":0.00120723492000252}