{"totalval":508.60631510416664,"_wandb":{"runtime":11377},"trace":0.3966180682182312,"diag_var":9.940135896613356e-06,"total_acc_trainval":13.67047336461496,"total_acc_traintrain":13.599953230184166,"_runtime":11374.375338166,"total_grad_norm_encoder":2.0779216289520264,"_step":1837,"min normalized eigenvalue":-0.024967478588223457,"totaltrain":509.0628967285156,"entropy":3.236053228378296,"_timestamp":1.7456357598611903e+09,"sum_squared_off_diag":0.006460854317992926,"epochval":6,"quantile_25":-3.743946663803399e-08,"epochtrain":6,"condition simga":Infinity,"rank simga":165,"quantile_75":1.447783972707839e-07,"epoch":7,"quantile_50":2.867011072993364e-09,"loss":509.9130554199219,"max normalized eigenvalue":0.1382291167974472}