{"trace_w":0.3393688201904297,"quantile_25":-9.226273687090725e-05,"diag_var":0.11949025094509125,"quantile_50":-3.091494988893828e-07,"grad_norm":469.5976867675781,"mean_of_class_means_norms":0.8136564493179321,"max_diff":5.561113357543945e-05,"diag_var_w":0.11949025094509125,"entropy_t":4.28856086730957,"lda_accuracy":63.888888888888886,"rank_sigma":345,"trace_b":0.1252402663230896,"epoch_train":299,"sum_squared_off_diag_w":0.0023293960839509964,"_step":659,"quantile_75":9.150424739345908e-05,"_timestamp":1.747805681321745e+09,"entropy":1.8571456670761108,"sum_squared_off_diag_b":0.0030177724547684193,"entropy_b":1.8161414861679077,"complex_count":0,"entropy_w":4.732644557952881,"condition_sigma":1.0918427e+07,"min_eigval_norm":-0.45345473289489746,"_runtime":6325.000740556,"loss_train":-45.50146993001302,"std_of_class_mean_norms":0.06513382494449615,"diag_var_b":0.11949025094509125,"_wandb":{"runtime":6326},"distance_of_mean_class_means_origin":0.7352429628372192,"loss":-77.07919311523438,"epoch":299,"max_eigval_norm":0.8107307553291321,"trace_sigma":77.25907897949219,"sum_squared_off_diag":8480.912109375}