{"loss_train":-0.682353761461046,"entropy":5.110190391540527,"max_eigval_norm":0.083890400826931,"quantile_25":-0.0037818809505552053,"_runtime":11312.567259143,"epoch_val":5,"rank_sigma":511,"loss":-1.0927228927612305,"acc_train":26.120312499999997,"condition_sigma":48516.96875,"quantile_75":0.005437617190182209,"grad_norm":4.397186756134033,"acc_val":0,"sum_squared_off_diag":15.199685096740723,"sum_squared_off_diag_b":0.0005150497891008854,"_wandb":{"runtime":11342},"trace_b":0.06446194648742676,"quantile_50":0.0004206885350868106,"diag_var":0.0003991514095105231,"trace_sigma":9.823490142822266,"min_eigval_norm":-0.009146151132881641,"_step":171,"loss_val":0,"sum_squared_off_diag_w":0.004554232582449913,"lda_accuracy":4.514,"trace_w":0.4443058371543884,"epoch_train":5,"_timestamp":1.7466663178177278e+09,"epoch":6}