{"sum_squared_off_diag":0.6394761800765991,"entropy":1.9351526498794556,"_runtime":5384.05878342,"trace":2.187807559967041,"quantile_75":8.593199709139299e-06,"loss":-1.7430670261383057,"quantile_50":4.705270839622244e-07,"epochval":425,"totalval":-1.5280652046203613,"_wandb":{"runtime":5384},"total_grad_norm_encoder":0.9911424517631531,"totaltrain":-1.750950187444687,"_timestamp":1.7453609955851042e+09,"epochtrain":425,"total_acc_traintrain":42.120000000000005,"total_acc_trainval":38.92,"quantile_25":-6.754213700332912e-06,"condition simga":7.224874e+06,"rank simga":99,"max normalized eigenvalue":0.1750243902206421,"_step":7675,"min normalized eigenvalue":-3.312761691631749e-05,"diag_var":0.0002460769610479474}