{"total_grad_norm_encoder":0.5241061449050903,"quantile_25":-2.6219498977297917e-05,"epochtrain":499,"rank simga":307,"_wandb":{"runtime":13428},"total_acc_traintrain":99.7375,"diag_var":0.8964795470237732,"total_acc_trainval":94.22,"entropy":2.223074436187744,"epochval":499,"max normalized eigenvalue":0.1575237661600113,"quantile_50":-2.5873328013403807e-06,"trace":479.02850341796875,"_timestamp":1.745526040249569e+09,"loss":-1.0624537467956543,"_runtime":13428.511674042,"totalval":-0.24497193098068237,"sum_squared_off_diag":96990.0703125,"quantile_75":2.2218606318347156e-05,"totaltrain":-1.057166501879692,"min normalized eigenvalue":-0.0001648756442591548,"_step":8897,"condition simga":5.8657908e+07}