{"epoch":222,"rank_sigma":284,"epoch_train":222,"diag_var_w":0.01232543122023344,"distance_of_mean_class_means_origin":0.29578110575675964,"loss":6.916993141174316,"diag_var_b":0.01232543122023344,"lda_accuracy":65.47619047619048,"loss_train":5.184773127237956,"entropy_w":5.173057556152344,"std_of_class_mean_norms":0.10922595858573914,"grad_norm":9.071478843688965,"complex_count":234,"quantile_75":9.069633233593777e-05,"min_eigval_norm":-0.00032011434086598456,"max_eigval_norm":0.19028237462043762,"mean_of_class_means_norms":0.44937941431999207,"_step":490,"quantile_25":-7.70725091570057e-05,"_timestamp":1.7477885189672575e+09,"quantile_50":2.8261033548915293e-06,"entropy_b":1.986453890800476,"sum_squared_off_diag":911.4570922851562,"max_diff":0.00015306472778320312,"condition_sigma":1.92539504e+08,"trace_w":0.7964427471160889,"sum_squared_off_diag_w":0.003674925770610571,"trace_b":0.12513810396194458,"entropy_t":4.966561794281006,"_wandb":{"runtime":4736},"sum_squared_off_diag_b":0.002236976521089673,"entropy":2.2124311923980713,"diag_var":0.01232543122023344,"_runtime":4729.441669356,"trace_sigma":27.945388793945312}