{"trace":0.599022626876831,"_step":13,"diag_var":3.696839598887891e-07,"rank simga":250,"epoch":0,"quantile_75":2.3183680241345428e-05,"quantile_25":-6.9275447458494455e-06,"condition simga":9.2175648e+07,"max normalized eigenvalue":0.23185983300209045,"sum_squared_off_diag":0.05017968267202377,"entropy":2.3408029079437256,"_timestamp":1.745712077494602e+09,"min normalized eigenvalue":-0.00222189724445343,"_runtime":93.213923598,"_wandb":{"runtime":102},"total_grad_norm_encoder":1.810770034790039,"loss":16381.82421875,"quantile_50":2.183703600167064e-06}