{"quantile_50":7.608064578334961e-08,"epochtrain":499,"sum_squared_off_diag":1.5709489583969116,"total_acc_trainval":75.03,"_wandb":{"runtime":10159},"min normalized eigenvalue":-1.0202031262451783e-05,"totaltrain":2.022317369778951,"entropy":2.201873540878296,"total_acc_traintrain":76.645,"_runtime":10159.538612072,"diag_var":3.207158442819491e-05,"total_grad_norm_encoder":0.03139446675777435,"loss":2.023632287979126,"epochval":499,"_timestamp":1.745374159088896e+09,"_step":6873,"condition simga":1.1733932e+08,"rank simga":23,"max normalized eigenvalue":0.1275223344564438,"quantile_75":2.3585955659655156e-06,"trace":3.799703598022461,"totalval":2.029597043991089,"quantile_25":-2.1308944724296452e-06}