{"quantile_25":-0.000335954682668671,"trace_sigma":0.6335525512695312,"_wandb":{"runtime":587},"acc_val":44,"sum_squared_off_diag":0.109131820499897,"loss":0.19035226106643677,"_step":101,"rank_sigma":493,"grad_norm":1.2495447397232056,"condition_sigma":713913.625,"lda_accuracy":25.8,"epoch_train":13,"quantile_50":-2.0748495444422588e-05,"diag_var":8.345111268681649e-07,"max_eigval_norm":0.2811621427536011,"epoch":14,"quantile_75":0.00028642796678468585,"loss_train":0.23308725357055665,"_runtime":585.089038708,"_timestamp":1.7462267756016474e+09,"entropy":2.3162589073181152,"acc_train":30.885416666666664,"min_eigval_norm":-0.0071330019272863865,"epoch_val":13,"loss_val":0.12091228365898132}