{"epoch":12,"_step":40,"sum_squared_off_diag":1.2845652103424072,"complex_count":0,"entropy_b":3.3963119983673096,"_wandb":{"runtime":1026},"diag_var":0.00017186177137773484,"min_eigval_norm":-0.015818677842617035,"trace_w":0.8824865818023682,"max_eigval_norm":0.09044239670038223,"trace_sigma":5.780922889709473,"std_of_class_mean_norms":0.19199739396572113,"quantile_75":0.010782548226416111,"mean_of_class_means_norms":0.19011886417865753,"distance_of_mean_class_means_origin":0.15939567983150482,"grad_norm":2.0693037509918213,"entropy_w":4.452361106872559,"entropy":3.560499906539917,"epoch_train":11,"trace_b":0.04365801811218262,"condition_sigma":645495.5625,"quantile_25":-0.0006195942987687886,"sum_squared_off_diag_b":7.377202564384788e-05,"max_diff":0.0002893209457397461,"loss_train":7.526765611436632,"rank_sigma":126,"lda_accuracy":7.9799999999999995,"sum_squared_off_diag_w":0.006473545450717211,"diag_var_w":0.00017186177137773484,"diag_var_b":0.00017186177137773484,"quantile_50":3.7836191495443927e-06,"_runtime":1024.856541995,"loss":7.587296485900879,"_timestamp":1.7478498002080243e+09,"entropy_t":4.447530269622803}