{"_wandb":{"runtime":57215},"diag_var":6.370589107973501e-05,"trace":0.5116974115371704,"totaltrain":-1.0979566872119904,"total_acc_trainval":78.17,"_step":89999,"quantile_75":8.519012340002519e-08,"entropy":2.1973342895507812,"sum_squared_off_diag":0.01900983229279518,"quantile_50":9.510430665216063e-09,"_timestamp":1.7450592189103315e+09,"min normalized eigenvalue":-2.0091436454094946e-05,"epochtrain":4999,"total_acc_traintrain":82.3225,"loss":-1.09769606590271,"total_grad_norm_encoder":0.20727819204330444,"quantile_25":-4.3512898173503345e-08,"epochval":4999,"condition simga":4.0952624e+08,"rank simga":27,"totalval":-1.0860416889190674,"max normalized eigenvalue":0.11904384195804596,"_runtime":57215.308608168}