{"total_grad_norm_encoder":356.8455810546875,"min normalized eigenvalue":-0.015609887428581715,"_runtime":345.850928804,"quantile_75":0.0012455361429601908,"rank simga":328,"quantile_50":2.089166173391277e-06,"loss":2.0329413414001465,"_timestamp":1.745341221379794e+09,"epochval":22,"_wandb":{"runtime":350},"total_acc_traintrain":0,"quantile_25":-0.0009602816426195204,"sum_squared_off_diag":1234.4090576171875,"totaltrain":0,"diag_var":0.004923410248011351,"totalval":0,"condition simga":2.42707824e+08,"entropy":3.642199993133545,"max normalized eigenvalue":0.41776543855667114,"epochtrain":22,"_step":55,"trace":4.605573654174805,"total_acc_trainval":0}