{"diag_var":0.017511337995529175,"trace_w":0.7391062378883362,"entropy_b":1.994261622428894,"sum_squared_off_diag_b":0.003839456010609865,"mean_of_class_means_norms":0.5084659457206726,"condition_sigma":2.24678125e+06,"_timestamp":1.747790013121254e+09,"quantile_75":5.340929783415049e-05,"epoch":299,"_step":659,"sum_squared_off_diag":861.1943359375,"rank_sigma":376,"loss_train":71.99488321940105,"diag_var_w":0.017511337995529175,"grad_norm":208.53550720214844,"epoch_train":299,"loss":94.00774383544922,"lda_accuracy":69.04761904761905,"min_eigval_norm":-0.19374315440654755,"diag_var_b":0.017511337995529175,"entropy_t":4.844110488891602,"max_diff":0.000152587890625,"entropy":2.1493053436279297,"sum_squared_off_diag_w":0.0038740476593375206,"_wandb":{"runtime":6361},"std_of_class_mean_norms":0.11629841476678848,"quantile_50":-3.1730360205983743e-07,"max_eigval_norm":0.3573266863822937,"trace_sigma":36.36759567260742,"trace_b":0.16693037748336792,"quantile_25":-5.422269168775529e-05,"_runtime":6360.746912629,"distance_of_mean_class_means_origin":0.32208937406539917,"entropy_w":5.156549453735352,"complex_count":0}