{"max normalized eigenvalue":0.4260009229183197,"sum_squared_off_diag":42579.546875,"loss":7.333363e+06,"epochtrain":131,"quantile_25":-9.007965672935825e-06,"totalval":7.3630125e+06,"total_acc_trainval":83.03,"_step":2375,"entropy":1.3403087854385376,"epochval":131,"quantile_75":1.1676930625981186e-05,"total_acc_traintrain":88.1625,"_wandb":{"runtime":29275},"diag_var":1.6393040418624878,"condition simga":2.3657436e+07,"rank simga":103,"quantile_50":7.067347951306147e-07,"total_grad_norm_encoder":143844.765625,"_runtime":29238.88098,"trace":346.19866943359375,"min normalized eigenvalue":-6.28851557848975e-05,"totaltrain":7.3296993125e+06,"_timestamp":1.7454884827008662e+09}