{"complex_count":0,"quantile_25":-0.00791299156844616,"std_of_class_mean_norms":0.010308736003935337,"epoch_train":10,"sum_squared_off_diag_b":1.769569280440919e-05,"quantile_50":-8.968650945462286e-06,"epoch":10,"trace_w":0.3248710632324219,"_runtime":247.97203824,"loss":-19.584964752197266,"lda_accuracy":16.666666666666664,"_timestamp":1.7477963401607385e+09,"entropy_w":0.8714062571525574,"sum_squared_off_diag":2.966892719268799,"entropy":4.28058385848999,"diag_var_w":2.4315933842444792e-05,"max_diff":3.9637088775634766e-05,"trace_sigma":1.4237953424453735,"mean_of_class_means_norms":0.8246417045593262,"sum_squared_off_diag_w":0.07517300546169281,"_step":23,"diag_var_b":2.4315933842444792e-05,"diag_var":2.4315933842444792e-05,"distance_of_mean_class_means_origin":0.8215418457984924,"loss_train":-14.6284548441569,"trace_b":0.005180418491363525,"max_eigval_norm":0.7882300019264221,"grad_norm":2.8638789653778076,"entropy_b":1.194787621498108,"entropy_t":0.8829497694969177,"min_eigval_norm":-0.6543625593185425,"condition_sigma":19637.673828125,"quantile_75":0.007840236648917198,"rank_sigma":511,"_wandb":{"runtime":263}}