{"entropy":2.221158981323242,"lda_accuracy":59.12698412698413,"loss_train":5.780307769775391,"diag_var":0.008860675618052483,"rank_sigma":310,"_runtime":2034.10150649,"distance_of_mean_class_means_origin":0.355060875415802,"trace_w":0.7565341591835022,"loss":7.337907791137695,"grad_norm":9.441180229187012,"diag_var_w":0.008860675618052483,"sum_squared_off_diag":659.1387329101562,"diag_var_b":0.008860675618052483,"sum_squared_off_diag_b":0.0027210144326090813,"_step":219,"epoch_train":99,"entropy_w":5.0299248695373535,"_wandb":{"runtime":2034},"min_eigval_norm":-0.00035961857065558434,"quantile_50":5.026902840654657e-07,"quantile_25":-0.00011758284381357953,"std_of_class_mean_norms":0.13320864737033844,"quantile_75":0.00011372979497537017,"condition_sigma":4.565804e+07,"entropy_t":4.800627708435059,"max_diff":0.00012803077697753906,"mean_of_class_means_norms":0.48901697993278503,"epoch":99,"sum_squared_off_diag_w":0.00446205073967576,"trace_b":0.12900853157043457,"max_eigval_norm":0.2243238389492035,"entropy_b":1.911783218383789,"complex_count":230,"_timestamp":1.7477773000240376e+09,"trace_sigma":22.207185745239258}