{"totalval":0,"quantile_25":-0.00022068427642807364,"quantile_75":0.000262233690591529,"total_acc_traintrain":0,"_step":25,"totaltrain":0,"condition simga":1.421126784e+09,"sum_squared_off_diag":615.61962890625,"quantile_50":7.986104151314066e-07,"total_acc_trainval":0,"_runtime":125.131944717,"rank simga":259,"max normalized eigenvalue":0.33076730370521545,"total_grad_norm_encoder":91.413330078125,"loss":1.4370120763778687,"min normalized eigenvalue":-0.003578813513740897,"_wandb":{"runtime":130},"_timestamp":1.7453407896200361e+09,"entropy":2.7029030323028564,"diag_var":0.0027183385100215673,"epochtrain":7,"trace":5.903141021728516,"epochval":7}