{"diag_var":4.530706519290106e-06,"trace_w":0.09786522388458252,"quantile_50":0.000857667881064117,"entropy":5.160185813903809,"sum_squared_off_diag_w":0.002429140266031027,"max_diff":1.2993812561035156e-05,"complex_count":0,"std_of_class_mean_norms":0.00826211180537939,"max_eigval_norm":0.10991767048835754,"_wandb":{"runtime":94},"entropy_b":2.0625438690185547,"trace_sigma":1.892336368560791,"diag_var_b":4.530706519290106e-06,"condition_sigma":149661.9375,"entropy_w":3.1180968284606934,"_step":0,"sum_squared_off_diag":0.855954110622406,"sum_squared_off_diag_b":1.5311075912904926e-05,"loss":0.8127999305725098,"rank_sigma":511,"_timestamp":1.747325390597491e+09,"entropy_t":3.0550200939178467,"diag_var_w":4.530706519290106e-06,"mean_of_class_means_norms":0.9505898356437683,"min_eigval_norm":-0.030952520668506622,"_runtime":94.57775252,"quantile_25":-0.004392555449157953,"epoch":0,"distance_of_mean_class_means_origin":0.9478147625923157,"quantile_75":0.006712259724736214,"trace_b":0.0052163004875183105}