{"rank simga":512,"quantile_25":-0.0005741537897847593,"max normalized eigenvalue":0.7565919160842896,"_runtime":169.633284977,"epoch":0,"quantile_75":-0.00012131679977755994,"trace":0.03164708614349365,"_timestamp":1.7459058867296453e+09,"diag_var":3.6131895253532775e-09,"sum_squared_off_diag":0.0005937470123171806,"condition simga":8177.05322265625,"quantile_50":-0.0002585877082310617,"total_grad_norm_encoder":0,"_step":15,"loss":16383.67578125,"entropy":2.079437494277954,"_wandb":{"runtime":193},"min normalized eigenvalue":-0.01723290979862213}