{"_timestamp":1.745907708735321e+09,"entropy":2.2171194553375244,"loss":16383.66015625,"_runtime":1034.598884734,"rank simga":512,"quantile_75":-0.00013972629676572978,"total_grad_norm_encoder":0,"quantile_50":-0.00029486854327842593,"max normalized eigenvalue":0.7372846603393555,"diag_var":2.6860029755937376e-09,"epoch":0,"trace":0.02764638140797615,"condition simga":7037.6923828125,"_step":115,"_wandb":{"runtime":1039},"quantile_25":-0.0006487768259830773,"min normalized eigenvalue":-0.012347226031124592,"sum_squared_off_diag":0.00043086824007332325}