{"_wandb":{"runtime":516},"quantile_25":-0.026278845965862274,"trace_w":0.19936531782150269,"max_eigval_norm":0.13329456746578217,"epoch":0,"quantile_75":0.02805100753903389,"sum_squared_off_diag_b":5.6786579989420716e-06,"diag_var":1.2410615454427898e-05,"sum_squared_off_diag":2.4046316146850586,"trace_sigma":1.5755196809768677,"loss":0.6780882477760315,"_runtime":443.410180569,"rank_sigma":511,"condition_sigma":183895.390625,"_step":7,"sum_squared_off_diag_w":0.0023037295322865248,"grad_norm":NaN,"trace_b":0.0028983354568481445,"entropy":5.268355369567871,"complex_count":0,"quantile_50":-0.0012566973455250263,"min_eigval_norm":-0.05959425866603851,"_timestamp":1.7466673835721378e+09}