{"quantile_50":0.10839378088712692,"rank simga":9,"condition simga":1.5258952379226685,"totaltrain":-1.0927775353193283,"min normalized eigenvalue":0.09497550129890442,"total_acc_trainval":71.95,"trace":9.329132080078125,"diag_var":0.001723354565910995,"max normalized eigenvalue":0.13119807839393616,"loss":-1.09331476688385,"epochtrain":365,"_step":6588,"total_grad_norm_encoder":0.06214427947998047,"epochval":365,"quantile_75":0.12125677615404129,"total_acc_traintrain":74.9225,"_timestamp":1.7454383877576728e+09,"_runtime":4538.227987737,"entropy":2.191772937774658,"_wandb":{"runtime":4539},"totalval":-1.0855692625045776,"sum_squared_off_diag":0.25323161482810974,"quantile_25":0.10176462680101395}