{"_step":208,"rank_sigma":510,"_wandb":{"runtime":7887},"entropy_w":0.4948996901512146,"entropy":4.75616979598999,"trace_w":0.026024341583251953,"sum_squared_off_diag_b":0.0003380745474714786,"condition_sigma":84263.2421875,"entropy_t":0.20818635821342468,"max_eigval_norm":0.5951645374298096,"lda_accuracy":2.1999999999999997,"epoch_train":20,"loss_train":0.892171647813585,"loss":0.8749258518218994,"entropy_b":0.43043750524520874,"_timestamp":1.7471696497308097e+09,"quantile_75":0.009999153204262257,"sum_squared_off_diag_w":0.0006152759306132793,"sum_squared_off_diag":1.9005582332611084,"quantile_25":-0.009444616734981537,"quantile_50":3.0516281185555272e-05,"epoch":20,"_runtime":7723.099426088,"trace_b":0.018606126308441162,"std_of_class_mean_norms":0.009357195347547531,"diag_var":5.50319418834988e-06,"complex_count":2,"diag_var_w":5.50319418834988e-06,"distance_of_mean_class_means_origin":0.9774585366249084,"mean_of_class_means_norms":0.988493025302887,"min_eigval_norm":-0.06171267107129097,"grad_norm":1.8772329092025757,"diag_var_b":5.50319418834988e-06,"trace_sigma":1.3087284564971924}