{"rank simga":512,"sum_squared_off_diag":0.00033489137422293425,"trace":0.02338474802672863,"_wandb":{"runtime":79},"diag_var":2.1061057342564027e-09,"min normalized eigenvalue":-0.02107636258006096,"_step":1,"entropy":2.141484022140503,"quantile_75":-0.0001450609852327034,"_runtime":56.360000377,"epoch":0,"max normalized eigenvalue":0.7697619795799255,"_timestamp":1.7459055326879926e+09,"quantile_25":-0.0006352065247483552,"condition simga":7201.80322265625,"total_grad_norm_encoder":0,"loss":16383.70703125,"quantile_50":-0.0002955016680061817}