{"_runtime":3916.430052786,"_wandb":{"runtime":3970},"_step":417,"trace_w":0.7819423675537109,"entropy":2.2530136108398438,"trace_sigma":24.186439514160156,"condition_sigma":1.063652e+07,"sum_squared_off_diag":694.891357421875,"mean_of_class_means_norms":0.46615275740623474,"quantile_25":-9.039500582730398e-05,"entropy_b":1.9778025150299072,"quantile_75":0.00012082693137926981,"loss_train":-50.75532023111979,"distance_of_mean_class_means_origin":0.3158952295780182,"max_eigval_norm":0.19318430125713348,"diag_var_w":0.00821731612086296,"trace_b":0.1287003755569458,"diag_var":0.00821731612086296,"max_diff":0.00028890371322631836,"epoch_train":189,"diag_var_b":0.00821731612086296,"entropy_t":4.853864669799805,"epoch":189,"std_of_class_mean_norms":0.11169598996639252,"grad_norm":565.7496948242188,"sum_squared_off_diag_b":0.0023429051507264376,"quantile_50":3.541256546668592e-06,"min_eigval_norm":-0.00032803966314531863,"sum_squared_off_diag_w":0.004382309503853321,"loss":-65.09800720214844,"entropy_w":5.074880599975586,"complex_count":204,"lda_accuracy":61.904761904761905,"_timestamp":1.7477955245893166e+09,"rank_sigma":313}