{"loss":0.3975958228111267,"entropy":3.2212307453155518,"_wandb":{"runtime":1502},"lda_accuracy":29.2,"epoch":30,"max_eigval_norm":0.41903308033943176,"rank_sigma":499,"diag_var":1.3389881132752635e-05,"_timestamp":1.7462261403183596e+09,"loss_val":0,"quantile_50":-0.00020427269919309765,"quantile_25":-0.0018932439852505922,"epoch_val":36,"acc_train":0,"condition_sigma":905191.625,"trace_sigma":1.1307721138000488,"min_eigval_norm":-0.011486108414828777,"sum_squared_off_diag":2.6243088245391846,"epoch_train":36,"grad_norm":1.9226672649383545,"_runtime":1477.458583957,"_step":97,"acc_val":0,"quantile_75":0.0014432906173169613,"loss_train":0}