{"_runtime":460.736967825,"loss":0.6692835092544556,"sum_squared_off_diag_w":2.3037297069095075e-05,"sum_squared_off_diag_b":5.6786579989420716e-06,"trace_w":0.09696530550718307,"_wandb":{"runtime":520},"quantile_25":-0.023456698283553123,"rank_sigma":511,"complex_count":0,"trace_b":0.0028983354568481445,"quantile_50":-0.00109453359618783,"epoch":0,"max_eigval_norm":0.3183649778366089,"grad_norm":NaN,"condition_sigma":249467.953125,"entropy":5.1346211433410645,"trace_sigma":2.634634494781494,"sum_squared_off_diag":7.311263561248779,"diag_var":4.483618613448925e-05,"min_eigval_norm":-0.07266609370708466,"quantile_75":0.023193156346678734,"_step":7,"_timestamp":1.7466674063020484e+09}