{"epochtrain":499,"_timestamp":1.745353636181659e+09,"total_acc_traintrain":64.27000000000001,"condition simga":3.20605775e+06,"_wandb":{"runtime":6184},"_runtime":6183.499323602,"_step":8999,"max normalized eigenvalue":0.13377231359481812,"min normalized eigenvalue":-2.214595951954834e-05,"diag_var":0.001809626235626638,"epochval":499,"trace":4.669919013977051,"quantile_25":-5.795088327431586e-06,"quantile_50":2.493618922017049e-06,"totaltrain":-1.0933052897453308,"entropy":2.19337797164917,"rank simga":58,"total_grad_norm_encoder":0.08547646552324295,"total_acc_trainval":61.59,"quantile_75":1.3370260603551287e-05,"sum_squared_off_diag":1.999418020248413,"loss":-1.092246174812317,"totalval":-1.0887526869773865}