{"epochval":356,"entropy":2.1988072395324707,"total_grad_norm_encoder":0.7551812529563904,"epochtrain":357,"quantile_50":3.188976194223869e-08,"totaltrain":-1.0344610065221786,"condition simga":8.9286488e+07,"diag_var":0.005221374332904816,"total_acc_trainval":70.07,"min normalized eigenvalue":-1.5793815691722557e-05,"loss":-1.044582486152649,"totalval":-0.9231093525886536,"sum_squared_off_diag":9.240999221801758,"total_acc_traintrain":76.1625,"_step":6442,"_timestamp":1.7453597463098004e+09,"rank simga":78,"max normalized eigenvalue":0.11704783141613007,"quantile_25":-2.191718522226438e-06,"_runtime":4463.47515738,"quantile_75":3.6270948839955963e-06,"_wandb":{"runtime":4463},"trace":9.773547172546387}