{"loss":-0.5349170565605164,"loss_train":-0.2630701303482056,"loss_val":-0.5144695043563843,"epoch_val":49,"acc_val":74,"condition_sigma":1.2332873728e+10,"entropy":1.8969850540161133,"_runtime":1962.277615123,"max_eigval_norm":0.2701162099838257,"diag_var":0.03832253813743591,"quantile_25":-4.3092555301882385e-08,"min_eigval_norm":-0.005072122439742088,"acc_train":57.37847222222222,"quantile_50":-2.2918869024834976e-09,"epoch":49,"_timestamp":1.7463157727330291e+09,"epoch_train":49,"lda_accuracy":65.2,"trace_sigma":113.58877563476562,"_step":357,"rank_sigma":97,"quantile_75":1.83238384465767e-08,"_wandb":{"runtime":1962},"sum_squared_off_diag":3210.513671875,"grad_norm":2.299665927886963}