{"_step":57,"entropy":1.3941478729248047,"_runtime":529.14588799,"rank simga":432,"loss":16383.689453125,"_timestamp":1.745906367189374e+09,"total_grad_norm_encoder":0,"condition simga":30328.302734375,"max normalized eigenvalue":0.7652758359909058,"epoch":0,"sum_squared_off_diag":0.0005052589694969356,"trace":0.02890744060277939,"diag_var":3.0033016074071384e-09,"_wandb":{"runtime":533},"quantile_50":-9.97966417344287e-05,"min normalized eigenvalue":-0.009403852745890617,"quantile_75":-5.2039169531781226e-05,"quantile_25":-0.0002151896187569946}