{"mean_of_class_means_norms":0.32149261236190796,"loss_train":14.087723270539314,"complex_count":0,"diag_var_b":0.016046203672885895,"trace_w":0.5720325708389282,"rank_sigma":128,"_runtime":648.124457562,"diag_var_w":0.016046203672885895,"sum_squared_off_diag_w":0.0018611489795148373,"epoch":0,"entropy_w":4.554413795471191,"max_eigval_norm":0.13012856245040894,"_step":13,"quantile_50":0.0020556538365781307,"quantile_25":0.0007379475282505155,"_wandb":{"runtime":740},"entropy":3.433788299560547,"loss":13.49975872039795,"std_of_class_mean_norms":0.3546281158924103,"sum_squared_off_diag_b":0.01430371031165123,"trace_b":0.4078277349472046,"condition_sigma":5809.369140625,"grad_norm":2.1203553676605225,"min_eigval_norm":-0.005665045231580734,"_timestamp":1.7478913497420697e+09,"diag_var":0.016046203672885895,"distance_of_mean_class_means_origin":0.08430653810501099,"trace_sigma":39.345821380615234,"sum_squared_off_diag":88.63552856445312,"epoch_train":0,"entropy_t":4.054807662963867,"quantile_75":0.004959305748343468,"max_diff":0.0001232624053955078,"entropy_b":2.8242785930633545}