{"quantile_25":-1.490968237760626e-09,"totalval":16379.060267857143,"total_acc_traintrain":24.847040873438782,"diag_var":0.00017679945449344814,"trace":3.334481954574585,"rank simga":219,"sum_squared_off_diag":0.05482800304889679,"max normalized eigenvalue":0.04333560913801193,"_timestamp":1.7458704473970556e+09,"quantile_50":3.963903871806451e-09,"quantile_75":0.0007571838796138763,"epochval":26,"_runtime":103014.99344734,"entropy":4.579638957977295,"total_grad_norm_encoder":30.319211959838867,"epoch":27,"min normalized eigenvalue":-0.004657925572246313,"total_acc_trainval":22.16222743582666,"loss":16375.2314453125,"_step":27381,"_wandb":{"runtime":103019},"totaltrain":16378.722782258064,"condition simga":8.089686528e+09,"epochtrain":26}