{"max_diff":9.733438491821289e-05,"sum_squared_off_diag":19.967878341674805,"entropy_t":5.195690631866455,"distance_of_mean_class_means_origin":0.4300324618816376,"sum_squared_off_diag_b":0.0007325909682549536,"loss":106.90858459472656,"condition_sigma":910737.1875,"quantile_50":6.124100764282048e-05,"_runtime":12086.718243905,"sum_squared_off_diag_w":0.006719048134982586,"epoch_train":49,"diag_var":0.0033168878871947527,"diag_var_w":0.0033168878871947527,"_timestamp":1.747522109105624e+09,"rank_sigma":494,"grad_norm":110.36140441894531,"quantile_75":0.0003826736647170037,"mean_of_class_means_norms":0.5185506343841553,"quantile_25":-0.000124139100080356,"entropy":4.259517192840576,"trace_b":0.09150320291519165,"std_of_class_mean_norms":0.08733874559402466,"complex_count":0,"_wandb":{"runtime":12087},"epoch":49,"_step":109,"max_eigval_norm":0.0607546903192997,"min_eigval_norm":-0.0006565658841282129,"entropy_w":5.313865661621094,"lda_accuracy":29.5,"loss_train":97.14968872070312,"trace_w":0.7310161590576172,"entropy_b":3.2930245399475098,"trace_sigma":20.013866424560547,"diag_var_b":0.0033168878871947527}