{"_runtime":7329.812861968,"rank simga":230,"total_acc_traintrain":86.2825,"_wandb":{"runtime":7330},"_step":1453,"trace":306.6123352050781,"quantile_50":1.1699999049596954e-05,"totalval":-4.695023775100708,"entropy":1.4244195222854614,"diag_var":2.483156442642212,"totaltrain":-6.592908799648285,"max normalized eigenvalue":0.44214341044425964,"quantile_75":5.563631566474214e-05,"quantile_25":-2.442420372972265e-05,"condition simga":4.5001432e+07,"total_grad_norm_encoder":15.81108570098877,"total_acc_trainval":83.07,"min normalized eigenvalue":-0.00037304003490135074,"sum_squared_off_diag":94516.328125,"epochtrain":80,"_timestamp":1.7454497268097947e+09,"loss":-6.282786846160889,"epochval":80}