{"_timestamp":1.746245573943234e+09,"_runtime":37.278056822,"_step":0,"epoch_train":0,"_wandb":{"runtime":45},"loss_train":0,"acc_train":0}