{"rank simga":121,"condition simga":342836.0625,"diag_var":0.001916036824695766,"totaltrain":1.3338859677314758,"_wandb":{"runtime":8867},"total_acc_traintrain":36.305,"max normalized eigenvalue":0.12576687335968018,"loss":1.3304766416549683,"trace":7.681926250457764,"sum_squared_off_diag":7.796424865722656,"quantile_25":-3.09951210510917e-05,"quantile_75":4.755976624437608e-05,"quantile_50":3.6843948691966943e-06,"epochtrain":498,"total_grad_norm_encoder":0.03785272315144539,"totalval":1.347699224948883,"_step":6993,"epochval":498,"_runtime":8866.316219463,"entropy":2.2173445224761963,"_timestamp":1.7453686417075e+09,"total_acc_trainval":42.13,"min normalized eigenvalue":-0.0001615858927834779}