{"loss":229.90663146972656,"_runtime":841.037611758,"entropy":2.3695216178894043,"loss_train":205.237109375,"trace_w":0.7548496723175049,"epoch":24,"grad_norm":183.7119598388672,"distance_of_mean_class_means_origin":0.4231278598308563,"entropy_t":4.6964263916015625,"epoch_train":24,"mean_of_class_means_norms":0.49301084876060486,"complex_count":170,"_step":54,"quantile_25":-0.0001855357550084591,"min_eigval_norm":-0.0006426257896237075,"trace_b":0.0776987075805664,"sum_squared_off_diag_w":0.006920193787664175,"max_eigval_norm":0.2134297490119934,"trace_sigma":12.856440544128418,"sum_squared_off_diag_b":0.001357949455268681,"diag_var_w":0.0020956590306013823,"entropy_w":4.824409008026123,"std_of_class_mean_norms":0.12338999658823013,"_timestamp":1.7471801819693918e+09,"entropy_b":1.786290168762207,"diag_var_b":0.0020956590306013823,"diag_var":0.0020956590306013823,"quantile_50":7.982413080753759e-06,"lda_accuracy":53.2,"quantile_75":0.00018664143863134086,"rank_sigma":370,"condition_sigma":1.227328896e+09,"sum_squared_off_diag":192.84381103515625,"max_diff":0.0001525282859802246,"_wandb":{"runtime":841}}