{"rank_sigma":472,"_runtime":840.074102092,"max_eigval_norm":0.16201914846897125,"min_eigval_norm":-0.002852007281035185,"diag_var_w":9.470703662373126e-05,"diag_var":9.470703662373126e-05,"condition_sigma":9.592031e+06,"std_of_class_mean_norms":0.05529094487428665,"_wandb":{"runtime":840},"max_diff":7.766485214233398e-05,"trace_b":0.01786142587661743,"loss":-0.09434443712234497,"complex_count":40,"lda_accuracy":21.6,"quantile_75":0.0008729843539185822,"entropy_t":3.6066887378692627,"mean_of_class_means_norms":0.7144520878791809,"sum_squared_off_diag_b":0.00010605489660520107,"loss_train":-0.07710447311401367,"entropy":3.156391143798828,"epoch":24,"entropy_w":3.6348824501037598,"entropy_b":1.6800733804702759,"distance_of_mean_class_means_origin":0.7037865519523621,"trace_sigma":3.7034852504730225,"quantile_25":-0.0008422676473855972,"_step":54,"grad_norm":0.4692245423793793,"_timestamp":1.7471792690366142e+09,"sum_squared_off_diag_w":0.016078118234872818,"epoch_train":24,"diag_var_b":9.470703662373126e-05,"sum_squared_off_diag":15.703939437866211,"quantile_50":-1.0412657502456568e-05,"trace_w":0.49441415071487427}