{"_runtime":1265.667366747,"epochval":99,"totalval":-0.5101916193962097,"_step":1735,"quantile_50":1.759353472152725e-05,"totaltrain":-1.0520396381616592,"_wandb":{"runtime":1265},"entropy":2.285233736038208,"total_acc_traintrain":49.7475,"_timestamp":1.7453425136332479e+09,"sum_squared_off_diag":37.968833923339844,"total_grad_norm_encoder":0.6476559042930603,"max normalized eigenvalue":0.15483105182647705,"rank simga":122,"quantile_25":-0.00019760942086577415,"condition simga":5.414023e+06,"epochtrain":99,"quantile_75":0.00029224003083072603,"trace":18.36239242553711,"loss":-1.0516868829727173,"diag_var":0.004310619551688433,"min normalized eigenvalue":-0.0007128611905500293,"total_acc_trainval":48.24}