{"epochval":37,"_wandb":{"runtime":1732},"min normalized eigenvalue":-0.0016387314535677433,"loss":-0.982848048210144,"total_acc_traintrain":29.0275,"condition simga":Infinity,"_timestamp":1.745291117135938e+09,"sum_squared_off_diag":0.003316090675070882,"totalval":-0.9162949621677399,"_runtime":1731.340664991,"quantile_75":3.3045791951735737e-06,"totaltrain":-0.9887594133615494,"diag_var":5.2700956985063385e-06,"total_grad_norm_encoder":0.046331245452165604,"max normalized eigenvalue":0.1842581182718277,"_step":683,"rank simga":72,"quantile_25":-7.5044508776045404e-06,"total_acc_trainval":28.599999999999998,"entropy":2.066225051879883,"trace":0.17359791696071625,"quantile_50":-2.892077244354141e-09,"epochtrain":37}