{"_runtime":15935.387984999,"complex_count":0,"quantile_75":0.0007783365435898304,"_wandb":{"runtime":16073},"distance_of_mean_class_means_origin":0.9991773962974548,"lda_accuracy":2.062,"entropy":3.7018141746520996,"sum_squared_off_diag":203128.96875,"epoch_train":7,"grad_norm":9.5180648e+07,"epoch":8,"diag_var_w":4.356428623199463,"min_eigval_norm":-0.014331254176795483,"quantile_25":-0.00021104294864926487,"std_of_class_mean_norms":0.00018436765822116286,"sum_squared_off_diag_w":8.124825257027624e-10,"trace_w":0.0004757046699523926,"quantile_50":0.0002417176146991551,"rank_sigma":499,"diag_var_b":4.356428623199463,"sum_squared_off_diag_b":2.7492674803397676e-07,"trace_sigma":959.3035278320312,"mean_of_class_means_norms":0.9994036555290222,"loss_train":-4318.523871527777,"diag_var":4.356428623199463,"condition_sigma":539329.125,"_step":84,"loss":-920264.375,"trace_b":0.001168966293334961,"max_eigval_norm":0.2735210955142975,"_timestamp":1.7470389062966173e+09}