{"diag_var_w":0.0020261534955352545,"_runtime":11189.941879002,"epoch":49,"entropy_w":5.595058441162109,"loss_train":91.97344970703125,"min_eigval_norm":-0.00020569686603266746,"trace_sigma":37.64136505126953,"sum_squared_off_diag_w":0.0018893226515501738,"condition_sigma":7.171525e+06,"entropy_b":2.6862354278564453,"_timestamp":1.7475409843240013e+09,"_step":659,"complex_count":108,"rank_sigma":335,"quantile_25":-3.8238897104747593e-05,"diag_var_b":0.0020261534955352545,"distance_of_mean_class_means_origin":0.033446621149778366,"grad_norm":73.78804779052734,"quantile_75":4.7385517973452806e-05,"entropy":2.746159553527832,"sum_squared_off_diag":271.9441223144531,"max_diff":0.0002352595329284668,"trace_b":0.0367426872253418,"mean_of_class_means_norms":0.04526545852422714,"diag_var":0.0020261534955352545,"std_of_class_mean_norms":0.10455433279275894,"max_eigval_norm":0.11347411572933197,"_wandb":{"runtime":11190},"entropy_t":5.599163055419922,"lda_accuracy":7.140000000000001,"epoch_train":49,"sum_squared_off_diag_b":0.0001039466296788305,"loss":91.81529998779297,"trace_w":0.9411441087722778,"quantile_50":2.511409320504754e-07}