{"_wandb":{"runtime":6333},"entropy_b":1.9943681955337524,"trace_w":0.7558519840240479,"_step":659,"grad_norm":123.38756561279297,"rank_sigma":277,"std_of_class_mean_norms":0.13721580803394318,"loss_train":71.9285888671875,"quantile_25":-7.37514637876302e-05,"condition_sigma":1.9021282e+07,"max_eigval_norm":0.19630040228366852,"epoch_train":299,"distance_of_mean_class_means_origin":0.2885535955429077,"sum_squared_off_diag":1509.622802734375,"complex_count":266,"_timestamp":1.7477900131803572e+09,"sum_squared_off_diag_b":0.003822177415713668,"lda_accuracy":67.65873015873017,"diag_var_b":0.026437805965542793,"diag_var":0.026437805965542793,"diag_var_w":0.026437805965542793,"entropy_t":4.831129550933838,"entropy_w":5.1419806480407715,"max_diff":0.00016242265701293945,"entropy":2.1831536293029785,"sum_squared_off_diag_w":0.003592170774936676,"min_eigval_norm":-0.0003066592325922102,"trace_sigma":35.31332778930664,"loss":94.1043930053711,"epoch":299,"mean_of_class_means_norms":0.48710012435913086,"trace_b":0.17089587450027466,"quantile_50":7.907340204837965e-08,"_runtime":6333.296093887,"quantile_75":7.872901187511161e-05}