{"trace_sigma":0.12438008934259415,"min_eigval_norm":-0.1579185128211975,"_runtime":2742.103266181,"_wandb":{"runtime":2742},"epoch":49,"quantile_75":1.2663694803904946e-07,"rank_sigma":59,"acc_train":20.950520833333332,"quantile_50":-1.3254831898734665e-08,"epoch_train":49,"loss_train":0.19254986445109049,"sum_squared_off_diag":0.010898899286985397,"_timestamp":1.7464266597205174e+09,"loss":0.8055520057678223,"loss_val":0.63620924949646,"condition_sigma":1.038016768e+09,"diag_var":5.51404752968665e-08,"quantile_25":-2.780674321911647e-06,"max_eigval_norm":0.6910512447357178,"lda_accuracy":21.756487025948104,"grad_norm":0.7393060326576233,"entropy":1.2440580129623413,"epoch_val":49,"acc_val":29.540918163672654,"_step":157}