{"loss":0.2206510305404663,"acc_train":29.635416666666664,"condition_sigma":720206.25,"loss_val":0.5199776291847229,"rank_sigma":434,"_step":209,"lda_accuracy":31.2,"sum_squared_off_diag":0.024798918515443802,"_timestamp":1.7462246402731318e+09,"entropy":1.7837883234024048,"_runtime":1192.747072465,"quantile_25":-6.462457531597465e-05,"min_eigval_norm":-0.0038077645003795624,"epoch_val":28,"quantile_75":6.048832801752724e-05,"_wandb":{"runtime":1197},"grad_norm":0.6870967149734497,"acc_val":44.6,"diag_var":1.5427752941832296e-07,"epoch":29,"loss_train":0.25201869010925293,"quantile_50":-2.4153491722245235e-06,"epoch_train":28,"trace_sigma":0.34332674741744995,"max_eigval_norm":0.2920861840248108}