{"_timestamp":1.7450640671129777e+09,"sum_squared_off_diag":0.12929366528987885,"max normalized eigenvalue":0.12240681797266006,"totalval":-1.0702349543571472,"totaltrain":-1.096271589398384,"total_acc_trainval":70.23,"_runtime":57484.584726319,"total_acc_traintrain":75.305,"min normalized eigenvalue":-1.8770739188767038e-05,"quantile_50":2.5194267245370883e-12,"rank simga":37,"quantile_25":-1.0189926769044177e-07,"total_grad_norm_encoder":0.12569530308246613,"loss":-1.0964192152023315,"entropy":2.1961560249328613,"epochval":4999,"_wandb":{"runtime":57484},"trace":1.5390743017196655,"_step":89999,"epochtrain":4999,"quantile_75":5.006766627957404e-07,"diag_var":0.0009177311439998448,"condition simga":2.4361344883053286e+23}