{"_step":344,"entropy":1.9460538625717163,"epoch_train":7,"max_eigval_norm":0.377958744764328,"_wandb":{"runtime":18253},"trace_sigma":1.2940306663513184,"sum_squared_off_diag":0.35592585802078247,"diag_var":1.5959515167196514e-06,"condition_sigma":2.7124144e+07,"loss_train":28.390675862630207,"epoch_val":7,"_runtime":18219.419389416,"quantile_50":2.2236022232391406e-06,"quantile_75":2.7714455427485518e-05,"quantile_25":-2.29004435823299e-05,"loss_val":28.044103622436523,"_timestamp":1.7461387662877622e+09,"loss":28.693939208984375,"rank_sigma":277,"min_eigval_norm":-6.237019260879606e-05,"acc_train":14.115050836657803,"acc_val":5.7,"lda_accuracy":2.108,"epoch":8,"grad_norm":25.35991859436035}