{"entropy_w":4.939830780029297,"entropy":2.331352472305298,"diag_var":0.002451284322887659,"max_eigval_norm":0.21102119982242584,"epoch_train":99,"grad_norm":2.5907347202301025,"trace_sigma":15.17384147644043,"rank_sigma":353,"trace_w":0.7892094254493713,"lda_accuracy":50.99206349206349,"condition_sigma":8.2965335e+06,"quantile_75":0.0001552836474729702,"loss":8.389219284057617,"_wandb":{"runtime":1946},"distance_of_mean_class_means_origin":0.38376370072364807,"_timestamp":1.7477775751686242e+09,"loss_train":6.31854248046875,"epoch":99,"diag_var_b":0.002451284322887659,"min_eigval_norm":-0.0005243189516477287,"entropy_b":1.8653233051300049,"mean_of_class_means_norms":0.46266278624534607,"sum_squared_off_diag_w":0.005531530361622572,"quantile_25":-0.00014278179151006043,"sum_squared_off_diag":248.7108612060547,"std_of_class_mean_norms":0.09932709485292435,"max_diff":0.0006539821624755859,"sum_squared_off_diag_b":0.0011003906838595867,"quantile_50":6.427454536606092e-06,"complex_count":148,"diag_var_w":0.002451284322887659,"trace_b":0.0756373405456543,"_step":219,"_runtime":1945.015379408,"entropy_t":4.826300621032715}