{"grad_norm":0.9556025862693787,"max_diff":0.00010317564010620117,"sum_squared_off_diag":1.8117938041687012,"min_eigval_norm":-0.002355590695515275,"_runtime":2783.890098726,"entropy":4.872596740722656,"entropy_t":4.942760944366455,"max_eigval_norm":0.031894225627183914,"loss_train":-0.9815818786621093,"diag_var_b":1.724386675050482e-05,"sum_squared_off_diag_w":0.014292528852820396,"lda_accuracy":5.34,"mean_of_class_means_norms":0.5567215085029602,"diag_var_w":1.724386675050482e-05,"trace_w":0.6966758370399475,"distance_of_mean_class_means_origin":0.5432911515235901,"condition_sigma":104258.375,"trace_b":0.019146978855133057,"_wandb":{"runtime":2858},"quantile_50":0.00019005635112989694,"trace_sigma":6.278273582458496,"entropy_b":3.378722667694092,"sum_squared_off_diag_b":4.9735448556020856e-05,"entropy_w":4.967414379119873,"complex_count":0,"quantile_75":0.001316277077421546,"epoch_train":10,"_step":25,"rank_sigma":506,"diag_var":1.724386675050482e-05,"epoch":11,"_timestamp":1.7471813489706075e+09,"loss":-1.179922342300415,"std_of_class_mean_norms":0.06686544418334961,"quantile_25":-0.0004259299021214247}