{"entropy":2.0431160926818848,"_wandb":{"runtime":366},"total_grad_norm_encoder":0.41446906328201294,"quantile_25":-5.964761385257589e-06,"totaltrain":-0.951914057135582,"epochtrain":22,"epochval":22,"loss":-0.9845731258392334,"_step":234,"totalval":-0.9556244611740112,"total_acc_traintrain":23.695,"condition simga":3.029498e+06,"total_acc_trainval":22.400000000000002,"min normalized eigenvalue":-2.1549421944655478e-05,"_timestamp":1.7449999852083035e+09,"rank simga":100,"max normalized eigenvalue":0.19451545178890228,"quantile_50":9.969872962756199e-07,"diag_var":2.3979183083611133e-07,"trace":0.09923992305994034,"quantile_75":7.961069059092551e-06,"sum_squared_off_diag":0.0012672271113842726,"_runtime":365.314073712}