{"quantile_75":6.1817622736271005e-06,"min normalized eigenvalue":-1.8200518752564676e-05,"condition simga":5.3410195e+06,"quantile_50":3.126456533664168e-07,"epochtrain":396,"rank simga":101,"total_acc_traintrain":64.005,"diag_var":7.408776582451537e-05,"epochval":396,"totalval":-1.0795977115631104,"_timestamp":1.7453512503279672e+09,"total_grad_norm_encoder":0.0390828475356102,"entropy":2.197026491165161,"total_acc_trainval":62.050000000000004,"loss":-1.0948235988616943,"quantile_25":-4.837710093852365e-06,"_runtime":4978.085284729,"max normalized eigenvalue":0.1296149343252182,"totaltrain":-1.0940769165754318,"_step":7145,"_wandb":{"runtime":4980},"sum_squared_off_diag":0.34972822666168213,"trace":1.8570077419281006}