{"quantile_75":1.9473638701583695e-08,"_step":357,"loss_train":-0.16284723281860353,"grad_norm":1.8579550981521606,"sum_squared_off_diag":2105.894775390625,"rank_sigma":92,"quantile_25":-4.1425664676353335e-08,"_timestamp":1.7463181593301146e+09,"_wandb":{"runtime":1959},"quantile_50":-1.7764451021307082e-09,"diag_var":0.020022135227918625,"lda_accuracy":61.4,"min_eigval_norm":-0.012439640238881111,"loss_val":-0.37750744819641113,"max_eigval_norm":0.23422731459140778,"acc_val":66.4,"acc_train":51.12847222222222,"entropy":1.9379233121871948,"condition_sigma":1.4755603456e+10,"_runtime":1959.191888237,"loss":-0.5295664072036743,"epoch":49,"trace_sigma":109.15252685546875,"epoch_val":49,"epoch_train":49}