{"loss_train":0.1308077441321479,"epoch_train":0,"_timestamp":1.7462169421819146e+09,"diag_var":0.011577265337109566,"_runtime":3170.15391369,"quantile_25":-4.567438008962199e-05,"grad_norm":1.4250084161758423,"acc_val":2.904,"entropy":1.7907634973526,"min_eigval_norm":-0.0001168036978924647,"loss":-0.4644455313682556,"epoch":1,"acc_train":3.8749965370124118,"loss_val":-0.4628465473651886,"sum_squared_off_diag":2586.502685546875,"_step":62,"quantile_50":3.6016310787090333e-06,"quantile_75":5.358504131436348e-05,"epoch_val":0,"_wandb":{"runtime":3196},"lda_accuracy":0.8659999999999999,"trace_sigma":111.79066467285156,"condition_sigma":1.776900125e+06,"max_eigval_norm":0.26650598645210266,"rank_sigma":426}