{"epoch_train":14,"rank_sigma":457,"_wandb":{"runtime":584},"grad_norm":4.148652076721191,"acc_val":23.400000000000002,"_runtime":581.193396087,"loss":0.5344645380973816,"quantile_25":-0.0004513696185313165,"sum_squared_off_diag":0.08194669336080551,"epoch":14,"loss_val":0.6866127252578735,"trace_sigma":0.2047772854566574,"lda_accuracy":21.6,"entropy":1.867537260055542,"condition_sigma":3.871765e+06,"_timestamp":1.7463192450523572e+09,"_step":105,"loss_train":0.25219614505767823,"quantile_50":-1.6888185200514272e-05,"epoch_val":13,"min_eigval_norm":-0.014196331612765789,"max_eigval_norm":0.5405781269073486,"acc_train":17.881944444444446,"diag_var":1.3436896324492409e-06,"quantile_75":0.00039938685949891806}