{"_runtime":240.548007457,"total_grad_norm_encoder":0.9642439484596252,"rank simga":8,"min normalized eigenvalue":-0.00036051528877578676,"quantile_25":9.491869423072785e-05,"total_acc_trainval":16.27,"totalval":0.6119043827056885,"loss":0.6201517581939697,"max normalized eigenvalue":0.9802823662757874,"trace":42.915462493896484,"sum_squared_off_diag":33109.37109375,"epochval":18,"quantile_75":0.004828254692256451,"diag_var":111.544921875,"epochtrain":18,"entropy":0.12320692837238312,"quantile_50":0.001319422503001988,"totaltrain":0.7230356186628342,"condition simga":9.711075e+06,"_step":348,"_timestamp":1.7454308647234774e+09,"_wandb":{"runtime":241},"total_acc_traintrain":19.0125}