{"entropy":2.341830253601074,"loss":-1.0697442293167114,"epochtrain":499,"rank simga":119,"quantile_75":0.0005070989718660712,"totalval":-0.5363181829452515,"quantile_25":-0.0003459937288425863,"quantile_50":1.1657009963528253e-05,"max normalized eigenvalue":0.14808106422424316,"totaltrain":-1.0856448411941528,"diag_var":0.006372543051838875,"_wandb":{"runtime":8294},"condition simga":2.18124925e+06,"_timestamp":1.7453510462852979e+09,"_step":5977,"epochval":499,"trace":24.608463287353516,"total_acc_traintrain":68.5225,"total_acc_trainval":65.73333333333333,"min normalized eigenvalue":-0.0011960044503211975,"_runtime":8293.833076103,"total_grad_norm_encoder":0.3984222114086151,"sum_squared_off_diag":65.74508666992188}