{"grad_norm":55.086097717285156,"max_diff":0.00017213821411132812,"lda_accuracy_projected":4.658,"entropy_t":4.794498920440674,"epoch":99,"rank_sigma":128,"max_eigval_norm":0.015972960740327835,"epoch_train":99,"trace_sigma":35.79277420043945,"_wandb":{"runtime":65173},"lda_accuracy_unprojected":6.3839999999999995,"loss":25.672393798828125,"loss_train":25.713412377142138,"mean_of_class_means_norms":0.22746314108371735,"diag_var_b":0.0003131133271381259,"quantile_25":0.004870980978012085,"quantile_50":0.007405063137412071,"min_eigval_norm":0.00192328414414078,"entropy":4.747621059417725,"quantile_75":0.010497968643903732,"sum_squared_off_diag":2.013138771057129,"cond_b":11.551231384277344,"trace_w":0.7927067279815674,"sum_squared_off_diag_b":0.0001241920399479568,"sum_squared_off_diag_w":0.0006203200318850577,"_step":1419,"entropy_w":4.7971320152282715,"condition_sigma":8.30504322052002,"std_of_class_mean_norms":0.2555532455444336,"cond":8.30504322052002,"complex_count":0,"_runtime":65172.777811471,"distance_of_mean_class_means_origin":0.010547967627644539,"diag_var_w":0.0003131133271381259,"diag_var":0.0003131133271381259,"_timestamp":1.7480405645239143e+09,"cond_w":4.8461503982543945,"trace_b":0.22646814584732056,"entropy_b":4.708210468292236}