{"quantile_25":0.0036260278429836035,"complex_count":0,"entropy_b":2.8610682487487793,"diag_var_b":1.526131381979212e-05,"sum_squared_off_diag":0.11809016764163971,"_timestamp":1.7478704948366272e+09,"trace_sigma":3.3826894760131836,"quantile_50":0.0061371903866529465,"quantile_75":0.009614406153559685,"entropy_t":3.901154041290283,"distance_of_mean_class_means_origin":0.30837181210517883,"entropy":4.500837802886963,"rank_sigma":128,"min_eigval_norm":-0.024968281388282776,"sum_squared_off_diag_w":0.027822062373161316,"max_eigval_norm":0.0752425566315651,"trace_w":0.6630076169967651,"entropy_w":3.9386329650878906,"loss":-1.2968404293060303,"std_of_class_mean_norms":0.2970231771469116,"trace_b":0.030374646186828613,"_step":0,"mean_of_class_means_norms":0.32307055592536926,"_wandb":{"runtime":65},"diag_var":1.526131381979212e-05,"max_diff":0.00028264522552490234,"_runtime":65.479260402,"epoch":0,"diag_var_w":1.526131381979212e-05,"condition_sigma":105.7983169555664,"sum_squared_off_diag_b":0.0001987184805329889}