{"diag_var_w":0.10926813632249832,"mean_of_class_means_norms":0.809558093547821,"max_diff":6.22868537902832e-05,"complex_count":0,"distance_of_mean_class_means_origin":0.7406187057495117,"sum_squared_off_diag_b":0.0018185434164479375,"entropy":2.08412766456604,"_timestamp":1.7478034086847303e+09,"trace_w":0.34513044357299805,"quantile_50":-4.9780339850258315e-09,"loss_train":-6.419849395751953,"condition_sigma":1.547873e+06,"trace_b":0.11163908243179321,"loss":-9.636103630065918,"entropy_b":2.0146450996398926,"min_eigval_norm":-0.23562012612819672,"_step":659,"quantile_25":-7.551808084826916e-05,"max_eigval_norm":0.5069101452827454,"entropy_w":4.885913848876953,"trace_sigma":85.30953216552734,"std_of_class_mean_norms":0.07303749769926071,"diag_var_b":0.10926813632249832,"sum_squared_off_diag":5243.81591796875,"rank_sigma":373,"quantile_75":7.477510371245444e-05,"_wandb":{"runtime":6499},"epoch_train":299,"epoch":299,"grad_norm":61.208335876464844,"diag_var":0.10926813632249832,"sum_squared_off_diag_w":0.0018486487679183483,"entropy_t":4.5356950759887695,"_runtime":6498.864199917,"lda_accuracy":67.65873015873017}