{"sum_squared_off_diag":0.03388155996799469,"totalval":-0.43377652661553745,"_step":1569,"_runtime":5242.697142776,"total_grad_norm_encoder":3.689469575881958,"epochval":2,"_timestamp":1.745622694109018e+09,"total_acc_trainval":26.166160640353297,"trace":1.4233582019805908,"loss":-0.5037896633148193,"totaltrain":-0.4617813708735447,"total_acc_traintrain":27.17939674604757,"entropy":3.3453240394592285,"quantile_25":-2.239603169584825e-09,"min normalized eigenvalue":-0.0020318725146353245,"max normalized eigenvalue":0.10387139022350311,"rank simga":108,"quantile_75":2.0166936565146898e-08,"epochtrain":2,"_wandb":{"runtime":5245},"epoch":3,"condition simga":2.004165632e+10,"quantile_50":7.556847370082664e-10,"diag_var":0.0001242911966983229}