{"sum_squared_off_diag_b":3.098988236160949e-05,"_step":80,"quantile_75":0.00016261170094367117,"mean_of_class_means_norms":0.15675491094589233,"loss":7.112885475158691,"max_eigval_norm":0.05590306222438812,"sum_squared_off_diag":9.438282012939453,"sum_squared_off_diag_w":0.005046198144555092,"entropy_b":3.7783689498901367,"_wandb":{"runtime":2052},"min_eigval_norm":-0.022345857694745064,"quantile_50":-1.3966021015221486e-06,"grad_norm":3.7247395515441895,"rank_sigma":505,"distance_of_mean_class_means_origin":0.12944567203521729,"std_of_class_mean_norms":0.15954719483852386,"_runtime":2026.705560514,"diag_var":0.0001896774338092655,"loss_train":6.981817033555773,"max_diff":0.00022840499877929688,"epoch_train":24,"trace_b":0.03251612186431885,"lda_accuracy":2.98,"complex_count":0,"_timestamp":1.7478582171252131e+09,"entropy_t":5.568572998046875,"entropy_w":5.569579124450684,"diag_var_b":0.0001896774338092655,"entropy":3.958230495452881,"trace_w":0.9200161695480347,"quantile_25":-0.00016850989777594805,"trace_sigma":16.430068969726562,"condition_sigma":289029.09375,"epoch":25,"diag_var_w":0.0001896774338092655}