{"quantile_50":-0.00011138277477584779,"trace":0.03777393326163292,"epoch":0,"max normalized eigenvalue":0.7332367300987244,"diag_var":4.772268802355484e-09,"min normalized eigenvalue":-0.025170309469103813,"_runtime":45.124493865,"condition simga":374223.40625,"quantile_75":0.0012541001196950674,"rank simga":500,"quantile_25":-0.001138580497354269,"entropy":2.98694109916687,"_timestamp":1.7457673374718666e+09,"loss":16383.6298828125,"_wandb":{"runtime":54},"_step":0,"sum_squared_off_diag":0.0007892412249930203}