{"loss_train":82.04724629720052,"std_of_class_mean_norms":0.10594507306814194,"diag_var":0.007423612754791975,"grad_norm":131.3277587890625,"sum_squared_off_diag_b":0.002797414781525731,"_step":219,"quantile_25":-0.00011676382564473897,"mean_of_class_means_norms":0.5152437686920166,"entropy_t":4.610184192657471,"loss":108.80071258544922,"sum_squared_off_diag":325.7341613769531,"diag_var_b":0.007423612754791975,"max_eigval_norm":0.5140718221664429,"epoch":99,"entropy_w":4.852880954742432,"_timestamp":1.7477760582679274e+09,"sum_squared_off_diag_w":0.005571459420025349,"trace_w":0.7357745170593262,"complex_count":0,"max_diff":0.00021457672119140625,"trace_b":0.13524234294891357,"trace_sigma":19.881515502929688,"epoch_train":99,"quantile_75":0.00011504407302709296,"diag_var_w":0.007423612754791975,"condition_sigma":2.8439065e+06,"_runtime":1941.483640722,"lda_accuracy":63.29365079365079,"entropy":2.1557323932647705,"quantile_50":-3.040707952095545e-07,"entropy_b":1.9124083518981934,"_wandb":{"runtime":1942},"distance_of_mean_class_means_origin":0.3745911419391632,"rank_sigma":419,"min_eigval_norm":-0.2675762176513672}