{"max normalized eigenvalue":0.14531394839286804,"epochtrain":311,"quantile_25":-8.514629735145718e-05,"total_acc_trainval":47.29,"entropy":2.269439935684204,"_runtime":5321.863550157,"epochval":311,"quantile_50":8.087247806543019e-06,"trace":5.190210342407227,"totaltrain":1.333956281344096,"rank simga":111,"condition simga":1.222159e+07,"min normalized eigenvalue":-0.0012183098588138819,"totalval":1.3344526290893555,"diag_var":0.0012057183776050806,"total_grad_norm_encoder":0.04993478208780289,"total_acc_traintrain":36.47,"sum_squared_off_diag":19.380584716796875,"_timestamp":1.7453642740762973e+09,"_wandb":{"runtime":5322},"loss":1.3384184837341309,"quantile_75":0.0001620225957594812,"_step":4360}