{"_runtime":5898.330255783,"_timestamp":1.747807684519785e+09,"trace_sigma":43.352882385253906,"sum_squared_off_diag":547.121337890625,"_step":659,"max_eigval_norm":0.25038474798202515,"entropy":2.2148351669311523,"quantile_50":-3.918204072306253e-08,"diag_var":0.01290674228221178,"entropy_b":2.152898073196411,"sum_squared_off_diag_b":0.0006700017838738859,"_wandb":{"runtime":5898},"diag_var_b":0.01290674228221178,"diag_var_w":0.01290674228221178,"loss":7.7704877853393555,"quantile_75":5.313668953021988e-05,"quantile_25":-5.4605130571871996e-05,"trace_w":0.6334006190299988,"entropy_w":4.851612091064453,"entropy_t":4.792849063873291,"condition_sigma":1.056716e+06,"loss_train":5.885072708129883,"rank_sigma":412,"distance_of_mean_class_means_origin":0.5507293939590454,"min_eigval_norm":-0.08537282049655914,"mean_of_class_means_norms":0.6068711876869202,"complex_count":0,"trace_b":0.07301849126815796,"epoch_train":299,"lda_accuracy":70.83333333333334,"sum_squared_off_diag_w":0.008400613442063332,"epoch":299,"max_diff":9.572505950927734e-05,"grad_norm":6.055685043334961,"std_of_class_mean_norms":0.09458889812231064}