{"condition simga":979910.4375,"total_acc_trainval":90.53999999999999,"min normalized eigenvalue":-0.0013197791995480657,"trace":52.33284378051758,"totaltrain":-1.1085234433412552,"epochtrain":499,"entropy":2.4505341053009033,"quantile_50":-0.00011754527076845989,"totalval":-0.6207533478736877,"_wandb":{"runtime":52238},"total_acc_traintrain":94.66,"total_grad_norm_encoder":0.43076005578041077,"_step":8999,"quantile_75":0.00011185144103365019,"quantile_25":-0.0003324521821923554,"epochval":499,"sum_squared_off_diag":1811.0291748046875,"_timestamp":1.7455034351905446e+09,"max normalized eigenvalue":0.13603688776493073,"_runtime":52237.714293887,"diag_var":0.016821667551994324,"rank simga":480,"loss":-1.0250840187072754}