{"epoch_val":0,"max_eigval_norm":0.2310045212507248,"quantile_50":-0.0010600562673062086,"quantile_25":-0.0032327198423445225,"entropy":3.9546279907226562,"epoch_train":0,"min_eigval_norm":-0.010053152218461037,"rank_sigma":484,"sum_squared_off_diag":55.62742614746094,"epoch":0,"acc_train":37.307291666666664,"grad_norm":NaN,"loss":0.027863264083862305,"condition_sigma":9.028556e+06,"acc_val":73.72525494901019,"_step":7,"_timestamp":1.7464683641178796e+09,"_wandb":{"runtime":363},"loss_val":0.009287754694620768,"trace_sigma":6.385168075561523,"loss_train":0.38864268196953666,"_runtime":249.469340085,"diag_var":0.00047395977890118957,"quantile_75":-5.2634775784099475e-05}