{"rank simga":59,"epochtrain":472,"loss":0.984459638595581,"sum_squared_off_diag":1.1720857620239258,"totalval":1.0015068650245667,"max normalized eigenvalue":0.12668535113334656,"total_grad_norm_encoder":0.05203789472579956,"_wandb":{"runtime":6675},"entropy":2.195661783218384,"quantile_25":-5.237767254584469e-06,"quantile_75":1.1088598512287717e-05,"_timestamp":1.7454324964514987e+09,"min normalized eigenvalue":-1.9604114640969783e-05,"condition simga":780621.1875,"epochval":472,"quantile_50":1.8500111309549538e-06,"total_acc_traintrain":77.2525,"total_acc_trainval":72.61999999999999,"diag_var":0.0007222523563541472,"trace":3.5555970668792725,"_step":8513,"totaltrain":0.9839374348521233,"_runtime":6675.398842064}