{"rank_sigma":511,"diag_var_b":1.1529803487064783e-05,"_step":7,"epoch_train":2,"epoch":2,"max_eigval_norm":0.223025381565094,"complex_count":4,"entropy":5.229898452758789,"trace_b":0.023518085479736328,"loss_train":2.341327667236328,"condition_sigma":39918.109375,"_timestamp":1.7471662393603117e+09,"lda_accuracy":4.26,"_runtime":1011.413006413,"diag_var_w":1.1529803487064783e-05,"sum_squared_off_diag_b":0.00041277031414210796,"entropy_w":1.0370476245880127,"sum_squared_off_diag_w":0.046798162162303925,"loss":2.540253162384033,"quantile_50":0.0005819671787321568,"quantile_25":-0.019357003271579742,"sum_squared_off_diag":3.1614432334899902,"entropy_b":0.931411862373352,"grad_norm":3.2151196002960205,"entropy_t":1.0070585012435913,"std_of_class_mean_norms":0.05097747966647148,"min_eigval_norm":-0.0564764030277729,"diag_var":1.1529803487064783e-05,"mean_of_class_means_norms":0.852654755115509,"trace_w":0.2747589349746704,"trace_sigma":0.8836983442306519,"_wandb":{"runtime":1167},"distance_of_mean_class_means_origin":0.8377143740653992,"quantile_75":0.02174106240272522}