{"_runtime":116.9610895,"epoch":0,"_wandb":{"runtime":200},"loss":16383.2333984375,"sum_squared_off_diag":0.00034308992326259613,"loss_val":16383.2119140625,"epoch_val":0,"entropy":1.8857426643371582,"condition_sigma":3.0412688e+08,"quantile_50":-4.9638692871667445e-06,"trace_sigma":0.03740917891263962,"acc_val":4.96826171875,"_timestamp":1.7460461865177064e+09,"rank_sigma":298,"loss_train":16383.654296875,"grad_norm":NaN,"quantile_25":-3.694410406751558e-05,"diag_var":9.687768809385489e-09,"epoch_train":0,"acc_train":5.560302734375,"min_eigval_norm":-0.0026237822603434324,"quantile_75":2.208817022619769e-05,"max_eigval_norm":0.3633494973182678,"_step":2}