{"min_eigval_norm":-0.013655531220138073,"acc_val":0,"quantile_25":-0.004099280573427677,"loss":0.5614422559738159,"loss_val":0,"epoch_val":49,"_step":124,"_wandb":{"runtime":1975},"condition_sigma":7.13344e+06,"quantile_75":0.0025811889208853245,"loss_train":0,"_timestamp":1.7462329083338056e+09,"entropy":3.574995517730713,"_runtime":1975.389841101,"grad_norm":3.0896527767181396,"max_eigval_norm":0.45290571451187134,"trace_sigma":0.9964529275894165,"diag_var":2.598744868009817e-05,"acc_train":0,"quantile_50":-0.0007372514810413122,"sum_squared_off_diag":4.869386672973633,"epoch":18,"epoch_train":49,"rank_sigma":503,"lda_accuracy":29.2}