{"rank simga":125,"quantile_75":7.605779683217406e-05,"sum_squared_off_diag":0.02081075683236122,"condition simga":172360.078125,"total_acc_traintrain":39.58,"_wandb":{"runtime":3207},"epochtrain":69,"total_acc_trainval":39.050000000000004,"trace":0.4494730532169342,"quantile_50":1.6148402437465847e-06,"totalval":-1.0269911289215088,"loss":-1.0684980154037476,"epochval":69,"quantile_25":-6.516558642033488e-05,"diag_var":1.1431222446844913e-05,"totaltrain":-1.0602836310863495,"_step":1259,"_timestamp":1.745292034309371e+09,"min normalized eigenvalue":-0.0010146477725356817,"max normalized eigenvalue":0.1526142805814743,"total_grad_norm_encoder":0.5895249247550964,"entropy":2.2151904106140137,"_runtime":3197.806261026}