{"quantile_25":-7.830958202248439e-05,"trace_sigma":23.35819435119629,"loss":103.70266723632812,"complex_count":0,"entropy_w":5.557417869567871,"entropy_t":5.500166893005371,"max_eigval_norm":0.05679657682776451,"_wandb":{"runtime":11518},"trace_b":0.07248437404632568,"mean_of_class_means_norms":0.43435749411582947,"sum_squared_off_diag_w":0.0035000653006136417,"trace_w":0.8354800343513489,"rank_sigma":493,"distance_of_mean_class_means_origin":0.34394070506095886,"grad_norm":72.64622497558594,"std_of_class_mean_norms":0.04640776291489601,"lda_accuracy":16.96,"_step":159,"quantile_75":0.00024771966855041683,"epoch":49,"diag_var_w":0.0028621540404856205,"_timestamp":1.7475089383568392e+09,"entropy_b":3.737388849258423,"entropy":4.446497440338135,"max_diff":0.0005862712860107422,"quantile_50":3.9507020119344816e-05,"loss_train":102.21531846788194,"_runtime":11517.977199128,"epoch_train":49,"diag_var":0.0028621540404856205,"condition_sigma":692436.5,"diag_var_b":0.0028621540404856205,"sum_squared_off_diag":20.970462799072266,"min_eigval_norm":-0.0005003553233109415,"sum_squared_off_diag_b":0.00023181035066954792}