{"sum_squared_off_diag":2.9498610496520996,"grad_norm":16.319032669067383,"entropy_t":1.4862462282180786,"max_diff":0.00013554096221923828,"_wandb":{"runtime":12463},"quantile_25":0.0018097448628395796,"complex_count":48,"loss":77.35629272460938,"_timestamp":1.7476295553367918e+09,"_runtime":12462.750148187,"mean_of_class_means_norms":0.8820679783821106,"epoch":49,"condition_sigma":112.0872573852539,"entropy_w":1.4675620794296265,"std_of_class_mean_norms":0.03597691282629967,"entropy_b":1.550709843635559,"sum_squared_off_diag_w":0.019408810883760452,"loss_train":65.805517578125,"diag_var":0.00031046601361595094,"epoch_train":49,"trace_sigma":53.12200164794922,"min_eigval_norm":0.0005223703337833285,"distance_of_mean_class_means_origin":0.8414372801780701,"quantile_50":0.0020629363134503365,"trace_w":0.2242194414138794,"diag_var_b":0.00031046601361595094,"max_eigval_norm":0.015459139831364155,"rank_sigma":512,"sum_squared_off_diag_b":0.0015472678933292627,"_step":109,"diag_var_w":0.00031046601361595094,"quantile_75":0.002335822209715843,"lda_accuracy":7.86,"trace_b":0.07130962610244751,"entropy":6.080981731414795}