{"quantile_50":-2.911913838943292e-07,"epoch":17,"rank simga":47,"total_acc_trainval":12.46,"diag_var":2.7779217361967312e-06,"max normalized eigenvalue":0.2677709758281708,"_timestamp":1.7459050264028482e+09,"total_grad_norm_encoder":12.9658203125,"condition simga":1.2235432e+08,"min normalized eigenvalue":-4.532749517238699e-05,"sum_squared_off_diag":0.7624474763870239,"totalval":16378.810546875,"quantile_25":-7.883120360929752e-07,"_wandb":{"runtime":28897},"entropy":2.453486680984497,"epochval":16,"totaltrain":16209.818493150686,"total_acc_traintrain":21.467214532871974,"_step":2573,"_runtime":28876.772228616,"loss":16378.0888671875,"epochtrain":16,"trace":2.4444122314453125,"quantile_75":-7.534683277299337e-08}